"billnum","plant","calday"
900391394,M003,2021-01-01
900392150,M004,2021-01-11
900396044,M008,2021-01-03
900400820,M010,2021-01-04
900402623,M010,2021-01-11
900407270,M003,2021-01-04
900411774,M007,2021-01-01
900412698,M014,2021-01-05
900421200,M003,2021-01-01
900422381,M011,2021-01-01
900424050,M003,2021-01-04
900424051,M003,2021-01-04
900424526,M012,2021-01-02
900424813,M013,2021-01-10
900425402,M010,2021-01-02
900427645,M003,2021-01-03
900428875,M005,2021-01-02
900429714,M014,2021-01-02
900429722,M004,2021-01-03
900430188,M014,2021-01-03
900431416,M005,2021-01-03
900433396,M007,2021-01-04
900434234,M003,2021-01-01
900435579,M004,2021-01-02
900437572,M003,2021-01-02
900438717,M003,2021-01-03
900438726,M003,2021-01-03
900438962,M009,2021-01-05
900439071,M011,2021-02-03
900439255,M001,2021-01-02
900439256,M001,2021-01-02
900439258,M011,2021-01-02
900439259,M009,2021-01-02
900439304,M003,2021-01-03
900439424,M006,2021-01-05
900439968,M003,2021-01-16
900439975,M012,2021-01-18
900440286,M013,2021-01-07
900440287,M004,2021-01-07
900441170,M007,2021-01-07
900442104,M013,2021-01-01
900442185,M005,2021-01-04
900442315,M003,2021-01-04
900442354,M005,2021-02-06
900443454,M003,2021-01-01
900448100,M007,2021-01-03
900448670,M003,2021-01-02
900450317,M013,2021-01-08
900450318,M003,2021-01-08
900452892,M004,2021-01-01
900452893,M005,2021-01-01
900455580,M013,2021-01-04
900459451,M001,2021-01-05
900460176,M014,2021-01-04
900460999,M009,2021-01-04
900461403,M006,2021-01-03
900461404,M013,2021-01-03
900461790,M012,2021-01-02
900461841,M012,2021-01-03
900462155,M008,2021-01-03
900463131,M006,2021-01-01
900463265,M004,2021-01-05
900464120,M006,2021-02-15
900464304,M003,2021-01-01
900464756,M011,2021-01-02
900464818,M006,2021-01-16
900464819,M012,2021-01-16
900465653,M003,2021-01-01
900465734,M004,2021-01-09
900467069,M001,2021-01-07
900469404,M012,2021-01-02
900469596,M004,2021-01-04
900469749,M014,2021-01-01
900470207,M001,2021-01-14
900470208,M012,2021-01-14
900470209,M004,2021-01-14
900475333,M001,2021-01-04
900482056,M008,2021-01-03
900482129,M008,2021-01-06
900482130,M012,2021-01-06
900483178,M003,2021-01-04
900484310,M004,2021-01-06
900484696,M003,2021-01-08
900486004,M006,2021-01-02
900487683,M003,2021-01-06
900488921,M003,2021-01-03
900488922,M013,2021-01-03
900488995,M012,2021-01-10
900488999,M009,2021-01-10
900489833,M009,2021-01-02
900490016,M008,2021-01-03
900491102,M002,2021-01-04
900491358,M011,2021-01-07
900491368,M008,2021-01-09
900491845,M004,2021-01-04
900492075,M002,2021-01-01
900492433,M008,2021-01-03
900492817,M003,2021-01-02
900493047,M005,2021-01-05
900495077,M012,2021-01-02
900495639,M002,2021-01-04
900496996,M005,2021-01-11
900497413,M003,2021-01-09
900498404,M006,2021-01-06
900498502,M005,2021-01-01
900499003,M012,2021-01-04
900499044,M003,2021-01-05
900499045,M002,2021-01-05
900499143,M001,2021-01-08
900499225,M003,2021-01-22
900521747,M008,2021-01-06
900522742,M013,2021-01-04
900523111,M002,2021-01-01
900523377,M008,2021-02-23
900523378,M003,2021-02-25
900523379,M009,2021-02-25
900523380,M009,2021-02-25
900523381,M003,2021-02-25
900523382,M001,2021-02-25
900523383,M007,2021-02-25
900523384,M010,2021-02-23
900523385,M008,2021-02-25
900523470,M001,2021-01-08
900524522,M003,2021-01-03
900524523,M005,2021-01-03
900524695,M001,2021-01-06
900524803,M006,2021-01-08
900524806,M001,2021-01-09
900524835,M003,2021-01-12
900524856,M007,2021-01-16
900525716,M001,2021-01-03
900525848,M008,2021-01-02
900526282,M005,2021-01-02
900527335,M003,2021-01-02
900527336,M003,2021-01-02
900527448,M003,2021-01-06
900527891,M003,2021-01-07
900528471,M008,2021-01-08
900528856,M005,2021-01-02
900529337,M008,2021-01-03
900530279,M014,2021-01-04
900530280,M014,2021-01-04
900530716,M009,2021-01-05
900533283,M012,2021-01-08
900533376,M008,2021-01-05
900533377,M005,2021-01-05
900533694,M003,2021-01-14
900533712,M010,2021-01-18
900534881,M007,2021-01-05
900535975,M005,2021-01-06
900536993,M003,2021-01-03
900538052,M011,2021-01-13
900538750,M001,2021-01-02
900539391,M011,2021-01-04
900539862,M006,2021-01-08
900540934,M013,2021-01-16
900541856,M002,2021-01-04
900541857,M003,2021-01-04
900542005,M005,2021-01-02
900542083,M006,2021-01-06
900542241,M005,2021-01-06
900542242,M014,2021-01-06
900542487,M003,2021-01-05
900542805,M014,2021-01-03
900545158,M003,2021-01-03
900545387,M002,2021-01-09
900550191,M011,2021-01-05
900550494,M003,2021-01-05
900551332,M003,2021-01-04
900552997,M010,2021-01-04
900554122,M006,2021-01-08
900554315,M014,2021-01-04
900554522,M001,2021-01-12
900554595,M003,2021-01-22
900554810,M002,2021-01-05
900555793,M010,2021-01-07
900557441,M008,2021-01-09
900560256,M003,2021-01-08
900561187,M005,2021-01-12
900561372,M008,2021-01-04
900561782,M010,2021-01-08
900562915,M007,2021-01-11
900563026,M003,2021-01-05
900563196,M008,2021-01-05
900563203,M005,2021-01-06
900564961,M001,2021-01-06
900565634,M005,2021-01-06
900566623,M003,2021-01-05
900566624,M009,2021-01-05
900567300,M015,2021-01-07
900567592,M012,2021-01-06
900567992,M008,2021-01-05
900569134,M008,2021-01-06
900569269,M008,2021-01-06
900569620,M008,2021-01-05
900569856,M003,2021-01-06
900569857,M006,2021-01-06
900570376,M011,2021-01-05
900570822,M008,2021-01-05
900571001,M008,2021-01-07
900571121,M003,2021-01-05
900571468,M001,2021-01-06
900571513,M001,2021-01-08
900571818,M004,2021-01-08
900572544,M003,2021-01-10
900572587,M003,2021-01-11
900572588,M014,2021-01-11
900572927,M004,2021-01-07
900575104,M008,2021-01-07
900576849,M003,2021-01-13
900576868,M001,2021-01-17
900576922,M003,2021-01-15
900577023,M005,2021-01-06
900577088,M005,2021-01-09
900577215,M013,2021-01-11
900577305,M005,2021-01-09
900578295,M014,2021-01-10
900578296,M007,2021-01-10
900578651,M014,2021-01-06
900578841,M009,2021-01-09
900579252,M003,2021-01-06
900579254,M003,2021-01-06
900579359,M013,2021-01-06
900580163,M003,2021-01-09
900580384,M008,2021-01-08
900581531,M002,2021-01-08
900581975,M005,2021-01-07
900582902,M007,2021-01-09
900582903,M002,2021-01-08
900583071,M004,2021-01-11
900586459,M003,2021-01-08
900586507,M012,2021-01-10
900586830,M001,2021-01-10
900587435,M007,2021-01-13
900587557,M010,2021-01-08
900587742,M003,2021-01-11
900587863,M004,2021-01-10
900588411,M010,2021-01-07
900588766,M003,2021-01-10
900589514,M001,2021-01-10
900590057,M006,2021-01-07
900590405,M013,2021-01-13
900590407,M013,2021-01-13
900590793,M008,2021-01-06
900590794,M014,2021-01-07
900591269,M008,2021-01-08
900591527,M014,2021-01-07
900591529,M015,2021-01-07
900592845,M001,2021-01-10
900593235,M004,2021-01-08
900593653,M012,2021-01-13
900594046,M002,2021-01-09
900596173,M010,2021-01-06
900596380,M012,2021-01-08
900597221,M011,2021-01-06
900598172,M006,2021-01-09
900598173,M003,2021-01-09
900598245,M013,2021-01-11
900599766,M009,2021-01-06
900599906,M001,2021-01-06
900600002,M006,2021-01-09
900600697,M013,2021-01-06
900601268,M005,2021-01-07
900601725,M011,2021-01-07
900602237,M008,2021-01-16
900602609,M006,2021-01-06
900603991,M001,2021-01-07
900603992,M001,2021-01-07
900604099,M013,2021-01-15
900605001,M003,2021-01-06
900605364,M010,2021-01-12
900605593,M010,2021-01-14
900605855,M008,2021-01-10
900605920,M003,2021-01-07
900607047,M005,2021-01-09
900607449,M012,2021-01-11
900607450,M003,2021-01-11
900607456,M004,2021-01-14
900607486,M011,2021-01-18
900607755,M009,2021-01-12
900607756,M013,2021-01-12
900607830,M005,2021-01-13
900608719,M012,2021-01-15
900609304,M007,2021-01-09
900610937,M015,2021-01-09
900611566,M008,2021-01-10
900611615,M001,2021-01-07
900612016,M009,2021-01-10
900614450,M005,2021-01-11
900614678,M014,2021-01-09
900615865,M005,2021-01-11
900615950,M006,2021-01-01
900616624,M008,2021-01-11
900616782,M003,2021-01-10
900617198,M003,2021-01-07
900617521,M010,2021-01-19
900617978,M008,2021-01-15
900618223,M003,2021-01-09
900619027,M005,2021-01-12
900619039,M007,2021-01-13
900619101,M011,2021-01-07
900619738,M003,2021-01-08
900619939,M011,2021-01-11
900620238,M008,2021-01-11
900620673,M008,2021-01-11
900622620,M006,2021-01-11
900623079,M003,2021-01-10
900623179,M001,2021-01-08
900623999,M014,2021-01-11
900624522,M001,2021-01-08
900626383,M007,2021-01-11
900626585,M002,2021-01-16
900626930,M003,2021-01-08
900626931,M008,2021-01-08
900627095,M009,2021-01-11
900627407,M001,2021-01-09
900627551,M003,2021-01-08
900628031,M008,2021-01-12
900628448,M002,2021-01-09
900629232,M003,2021-01-11
900629553,M009,2021-01-11
900629554,M003,2021-01-11
900629984,M004,2021-01-11
900629985,M011,2021-01-11
900630017,M002,2021-01-12
900630384,M010,2021-01-09
900630552,M003,2021-01-09
900630553,M007,2021-01-09
900631799,M015,2021-01-13
900631814,M001,2021-01-16
900631893,M004,2021-01-10
900632007,M010,2021-01-08
900632009,M010,2021-01-08
900632092,M008,2021-01-14
900632396,M004,2021-01-12
900632397,M006,2021-01-11
900632398,M008,2021-01-12
900632987,M005,2021-01-11
900633163,M011,2021-01-12
900633165,M003,2021-01-12
900633357,M005,2021-01-08
900634348,M006,2021-01-12
900634432,M010,2021-01-10
900635225,M003,2021-01-11
900635866,M006,2021-01-12
900635870,M010,2021-01-11
900636720,M008,2021-01-11
900637082,M014,2021-01-14
900637228,M003,2021-01-16
900637381,M008,2021-01-11
900638884,M005,2021-01-16
900638885,M008,2021-01-16
900639283,M002,2021-01-15
900640009,M010,2021-01-23
900640457,M003,2021-01-11
900640496,M002,2021-01-11
900641460,M010,2021-01-09
900641520,M008,2021-01-11
900641522,M006,2021-01-11
900641785,M015,2021-01-10
900642224,M007,2021-01-09
900642225,M006,2021-01-10
900642549,M003,2021-01-13
900642558,M008,2021-01-16
900642636,M014,2021-01-04
900642637,M010,2021-01-02
900642681,M001,2021-01-11
900644009,M003,2021-01-09
900644866,M011,2021-01-12
900645080,M011,2021-01-12
900645769,M003,2021-01-15
900646146,M003,2021-01-11
900646323,M010,2021-01-12
900646462,M008,2021-01-12
900646570,M006,2021-01-09
900646571,M005,2021-01-10
900646942,M014,2021-01-12
900647333,M005,2021-01-09
900647334,M005,2021-01-10
900647633,M002,2021-01-11
900647787,M009,2021-01-11
900648100,M008,2021-01-11
900649258,M009,2021-01-10
900649566,M006,2021-01-10
900650695,M008,2021-01-15
900651856,M012,2021-01-12
900651914,M012,2021-01-14
900652024,M005,2021-01-11
900652285,M003,2021-01-11
900652286,M008,2021-01-12
900652968,M015,2021-01-12
900652970,M012,2021-01-13
900653090,M006,2021-01-12
900653092,M007,2021-01-11
900654552,M004,2021-01-11
900654565,M014,2021-01-12
900654572,M001,2021-01-13
900654632,M004,2021-01-15
900655100,M011,2021-01-15
900655114,M004,2021-01-10
900655808,M003,2021-01-13
900657528,M010,2021-01-13
900657858,M008,2021-01-14
900658238,M003,2021-01-17
900658332,M001,2021-01-24
900658340,M011,2021-01-24
900658341,M001,2021-01-04
900658343,M012,2021-01-04
900659341,M003,2021-01-13
900659342,M005,2021-01-13
900659343,M003,2021-01-14
900659551,M003,2021-01-15
900659745,M003,2021-01-19
900659818,M004,2021-01-13
900660099,M003,2021-01-12
900660171,M008,2021-01-13
900661080,M001,2021-01-13
900661158,M003,2021-01-11
900661572,M012,2021-01-11
900661958,M008,2021-01-16
900662133,M005,2021-01-14
900662447,M004,2021-01-17
900662926,M003,2021-01-12
900662949,M005,2021-01-15
900662964,M004,2021-01-17
900663040,M008,2021-01-25
900663243,M010,2021-01-11
900663386,M001,2021-01-11
900663390,M009,2021-01-11
900664010,M003,2021-01-14
900664187,M011,2021-01-13
900664235,M009,2021-01-15
900664547,M005,2021-01-16
900665340,M001,2021-01-15
900665442,M013,2021-01-28
900666362,M003,2021-01-11
900666363,M003,2021-01-11
900666606,M005,2021-01-14
900667887,M003,2021-01-11
900667888,M002,2021-01-11
900668152,M011,2021-01-11
900668477,M010,2021-01-15
900668486,M002,2021-01-16
900671144,M005,2021-01-23
900671261,M011,2021-01-11
900671270,M003,2021-01-12
900671271,M006,2021-01-13
900671272,M005,2021-01-13
900671684,M003,2021-01-13
900672906,M013,2021-01-13
900673319,M009,2021-01-17
900673440,M008,2021-01-12
900673902,M007,2021-01-14
900673948,M011,2021-01-18
900674477,M005,2021-01-12
900675514,M014,2021-01-12
900675665,M005,2021-01-11
900675667,M005,2021-01-11
900675699,M011,2021-01-14
900676717,M013,2021-01-12
900677494,M005,2021-01-14
900677607,M008,2021-01-12
900677705,M010,2021-01-14
900678309,M003,2021-01-14
900678669,M008,2021-01-13
900678760,M006,2021-01-19
900679189,M004,2021-01-11
900679343,M004,2021-01-15
900679382,M001,2021-01-17
900680568,M003,2021-01-26
900682123,M008,2021-01-13
900682926,M013,2021-01-14
900682928,M002,2021-01-13
900683162,M011,2021-01-13
900684727,M002,2021-01-12
900684987,M003,2021-01-15
900685671,M008,2021-01-14
900685854,M010,2021-01-11
900685938,M001,2021-01-22
900686028,M003,2021-01-14
900686449,M001,2021-01-16
900687130,M005,2021-01-14
900687263,M007,2021-01-14
900687365,M012,2021-01-13
900687454,M003,2021-01-16
900688429,M007,2021-01-11
900688430,M003,2021-01-11
900688648,M011,2021-01-14
900688843,M010,2021-01-19
900688956,M008,2021-01-18
900689394,M001,2021-01-17
900690004,M011,2021-01-16
900690187,M002,2021-01-17
900690665,M007,2021-01-12
900691580,M009,2021-01-13
900691581,M001,2021-01-12
900691648,M005,2021-01-14
900692725,M003,2021-01-15
900693384,M011,2021-01-13
900694353,M008,2021-01-23
900694744,M003,2021-01-14
900695625,M008,2021-01-13
900695626,M011,2021-01-13
900696336,M013,2021-01-18
900696337,M005,2021-01-18
900696985,M005,2021-01-13
900696986,M011,2021-01-13
900697037,M003,2021-01-19
900697943,M001,2021-01-15
900697944,M010,2021-01-15
900698883,M014,2021-01-19
900698930,M004,2021-01-14
900698931,M005,2021-01-14
900699061,M007,2021-01-13
900701222,M004,2021-01-04
900702055,M001,2021-01-13
900702065,M012,2021-01-14
900702640,M001,2021-01-14
900702699,M001,2021-01-18
900702724,M007,2021-01-21
900702739,M001,2021-01-04
900703411,M003,2021-01-15
900703412,M006,2021-01-14
900703413,M015,2021-01-15
900703423,M007,2021-01-18
900703452,M003,2021-01-20
900703496,M014,2021-01-26
900703652,M008,2021-01-18
900704412,M003,2021-01-16
900705009,M010,2021-01-16
900706889,M003,2021-01-14
900707766,M001,2021-01-15
900708433,M011,2021-01-18
900708832,M010,2021-01-17
900710020,M003,2021-01-16
900711011,M010,2021-01-19
900711012,M005,2021-01-19
900711212,M011,2021-01-14
900711611,M006,2021-01-18
900711665,M006,2021-01-14
900712007,M013,2021-01-17
900712008,M006,2021-01-16
900712025,M005,2021-01-17
900712566,M003,2021-01-15
900714245,M005,2021-01-16
900714564,M014,2021-01-17
900714570,M003,2021-01-17
900715213,M008,2021-01-17
900715650,M003,2021-01-19
900715660,M003,2021-01-20
900715749,M004,2021-01-15
900716649,M007,2021-01-15
900716715,M010,2021-01-18
900717626,M004,2021-01-25
900718311,M010,2021-01-17
900719213,M003,2021-01-17
900719580,M004,2021-01-21
900719581,M001,2021-01-21
900720007,M008,2021-01-16
900721655,M005,2021-01-17
900724968,M001,2021-01-19
900725466,M007,2021-01-16
900726563,M001,2021-01-18
900726564,M014,2021-01-18
900727317,M005,2021-01-18
900727343,M007,2021-01-20
900727344,M008,2021-01-20
900728116,M003,2021-01-20
900728754,M011,2021-01-14
900729407,M005,2021-01-18
900731205,M005,2021-01-16
900731206,M010,2021-01-16
900731661,M005,2021-01-17
900733785,M008,2021-01-20
900733819,M005,2021-01-28
900734044,M011,2021-01-19
900734484,M003,2021-01-17
900734692,M005,2021-01-21
900735148,M015,2021-01-20
900736345,M014,2021-01-20
900736486,M012,2021-01-18
900736759,M012,2021-01-22
900736812,M003,2021-01-26
900737683,M006,2021-01-01
900737685,M001,2021-01-04
900737721,M005,2021-01-08
900737722,M002,2021-01-09
900737789,M013,2021-01-18
900738039,M005,2021-01-21
900739604,M006,2021-01-20
900739843,M006,2021-01-20
900739849,M005,2021-01-21
900740240,M006,2021-01-21
900741023,M005,2021-01-19
900741345,M003,2021-01-20
900741626,M003,2021-01-21
900741655,M003,2021-01-16
900741723,M005,2021-01-19
900741866,M005,2021-01-20
900741915,M008,2021-01-21
900742111,M003,2021-01-18
900742112,M001,2021-01-18
900742813,M006,2021-01-21
900743309,M001,2021-01-16
900743576,M003,2021-01-22
900744003,M003,2021-01-20
900744994,M002,2021-01-19
900744995,M008,2021-01-19
900744996,M006,2021-01-18
900746465,M005,2021-01-17
900746809,M007,2021-01-22
900747148,M001,2021-01-21
900747277,M003,2021-01-20
900747278,M009,2021-01-20
900747647,M009,2021-01-04
900747749,M001,2021-01-21
900747938,M002,2021-01-23
900747987,M008,2021-01-17
900748609,M003,2021-01-26
900748800,M013,2021-01-20
900748801,M008,2021-01-20
900748945,M003,2021-01-22
900748984,M003,2021-01-23
900749011,M015,2021-01-17
900749012,M008,2021-01-17
900749134,M003,2021-01-30
900749291,M014,2021-01-22
900749330,M005,2021-01-17
900750219,M003,2021-01-17
900750307,M003,2021-01-21
900750530,M011,2021-01-17
900750531,M004,2021-01-17
900750844,M003,2021-01-18
900751167,M003,2021-01-19
900751168,M002,2021-01-19
900751295,M010,2021-01-17
900752569,M008,2021-01-24
900754024,M001,2021-01-20
900754029,M012,2021-01-20
900754079,M002,2021-01-22
900754080,M005,2021-01-22
900754247,M013,2021-01-31
900754410,M001,2021-01-16
900757861,M014,2021-01-17
900758000,M004,2021-01-21
900758004,M009,2021-01-17
900758113,M003,2021-01-23
900758342,M011,2021-01-19
900758533,M005,2021-01-19
900758711,M001,2021-01-20
900759527,M003,2021-01-20
900759546,M010,2021-01-20
900760118,M015,2021-01-18
900761282,M005,2021-01-22
900762066,M003,2021-01-18
900762067,M014,2021-01-18
900762068,M001,2021-01-18
900762721,M009,2021-01-27
900762863,M010,2021-01-23
900763146,M009,2021-01-20
900763491,M007,2021-01-02
900764470,M008,2021-01-19
900764707,M002,2021-01-20
900764709,M004,2021-01-20
900765857,M008,2021-01-25
900765897,M013,2021-01-31
900765908,M013,2021-01-30
900766123,M014,2021-01-21
900766124,M008,2021-01-21
900766186,M013,2021-01-30
900766195,M014,2021-01-31
900766339,M013,2021-01-04
900766404,M004,2021-01-18
900766877,M008,2021-01-20
900767024,M013,2021-01-20
900767283,M009,2021-01-15
900767321,M003,2021-01-19
900768378,M005,2021-01-19
900768407,M004,2021-01-22
900768479,M014,2021-01-31
900770072,M003,2021-01-21
900770237,M006,2021-01-20
900770872,M009,2021-01-21
900770956,M012,2021-01-20
900771288,M010,2021-01-02
900771642,M004,2021-01-23
900771667,M008,2021-01-19
900772082,M006,2021-01-02
900772094,M013,2021-01-04
900772432,M002,2021-01-19
900772433,M001,2021-01-19
900772504,M004,2021-01-20
900773584,M007,2021-01-02
900773838,M006,2021-01-23
900774514,M003,2021-01-19
900774515,M005,2021-01-19
900774782,M001,2021-01-04
900775173,M004,2021-01-20
900775852,M002,2021-01-19
900776035,M004,2021-01-20
900776154,M015,2021-01-19
900776163,M006,2021-01-21
900776450,M009,2021-01-30
900776455,M004,2021-01-18
900777227,M004,2021-01-21
900777506,M012,2021-01-19
900777507,M004,2021-01-18
900778725,M003,2021-01-20
900778986,M003,2021-02-01
900779062,M003,2021-01-23
900780571,M010,2021-01-22
900781534,M014,2021-01-25
900781675,M003,2021-01-24
900783063,M009,2021-01-20
900783126,M005,2021-01-10
900783655,M012,2021-01-20
900784040,M006,2021-01-23
900784191,M003,2021-02-02
900784612,M008,2021-01-10
900784726,M011,2021-01-22
900784755,M003,2021-01-25
900785101,M008,2021-01-10
900785464,M011,2021-01-21
900785548,M001,2021-02-04
900785724,M010,2021-01-23
900785948,M014,2021-01-27
900785949,M003,2021-01-26
900786003,M014,2021-02-06
900786537,M005,2021-01-22
900787059,M003,2021-01-23
900787282,M001,2021-01-21
900787647,M005,2021-01-27
900788055,M005,2021-01-04
900788273,M002,2021-01-04
900788504,M007,2021-01-26
900788526,M014,2021-02-01
900788527,M012,2021-02-02
900788847,M003,2021-01-04
900789079,M011,2021-01-22
900789301,M004,2021-01-24
900789369,M003,2021-01-21
900789975,M001,2021-01-20
900790764,M002,2021-01-04
900791276,M005,2021-02-02
900791582,M007,2021-01-24
900791584,M005,2021-01-15
900792926,M012,2021-01-24
900794375,M005,2021-01-15
900794376,M002,2021-01-24
900794679,M004,2021-01-21
900795095,M008,2021-01-28
900795166,M003,2021-02-06
900795718,M001,2021-01-24
900795768,M003,2021-01-26
900796341,M007,2021-01-03
900796507,M009,2021-01-04
900796737,M003,2021-01-04
900796738,M009,2021-01-24
900796973,M009,2021-01-13
900796974,M012,2021-01-14
900797546,M012,2021-01-02
900798209,M003,2021-01-20
900798298,M014,2021-01-25
900798881,M003,2021-01-04
900799323,M003,2021-01-25
900799391,M008,2021-01-28
900801061,M006,2021-01-21
900801137,M003,2021-01-25
900801850,M014,2021-01-04
900802101,M007,2021-01-20
900802559,M007,2021-01-21
900803581,M003,2021-01-02
900804043,M003,2021-01-31
900805104,M015,2021-01-22
900805291,M002,2021-01-28
900805701,M002,2021-01-21
900806286,M010,2021-02-10
900806529,M010,2021-01-04
900809090,M002,2021-01-01
900809360,M003,2021-01-23
900809472,M007,2021-01-22
900809841,M012,2021-01-15
900811927,M004,2021-01-25
900812187,M006,2021-01-23
900814684,M003,2021-01-27
900815114,M001,2021-01-05
900815209,M005,2021-01-04
900815210,M002,2021-01-04
900816363,M010,2021-01-02
900816401,M004,2021-01-31
900816567,M012,2021-01-15
900817856,M002,2021-01-22
900818158,M003,2021-01-22
900818278,M010,2021-02-04
900818353,M003,2021-01-27
900818638,M013,2021-01-26
900818642,M004,2021-01-28
900819052,M008,2021-01-22
900819164,M013,2021-01-26
900819204,M005,2021-01-22
900819498,M007,2021-01-28
900819716,M004,2021-01-24
900819888,M001,2021-01-04
900819990,M005,2021-01-31
900820193,M008,2021-01-06
900820218,M001,2021-01-26
900821352,M010,2021-01-24
900821972,M013,2021-01-26
900822380,M005,2021-01-31
900822586,M003,2021-01-18
900822587,M010,2021-01-25
900823027,M009,2021-01-27
900823029,M012,2021-01-27
900823208,M012,2021-01-26
900823419,M011,2021-01-23
900823636,M005,2021-01-27
900823868,M011,2021-01-24
900823869,M013,2021-01-24
900824034,M003,2021-01-04
900825463,M005,2021-01-26
900826087,M013,2021-01-29
900826944,M009,2021-01-10
900826984,M001,2021-01-28
900827233,M011,2021-01-26
900827587,M003,2021-01-26
900828668,M008,2021-01-23
900828887,M008,2021-01-26
900828977,M003,2021-01-04
900829002,M008,2021-01-15
900829014,M006,2021-01-25
900829229,M003,2021-01-27
900830197,M003,2021-01-18
900831541,M007,2021-01-31
900831565,M003,2021-01-31
900831858,M001,2021-01-20
900831924,M005,2021-02-09
900832108,M008,2021-01-25
900834128,M003,2021-01-27
900834285,M001,2021-01-31
900834595,M003,2021-01-10
900834942,M008,2021-01-27
900835031,M003,2021-01-18
900835032,M001,2021-01-18
900835033,M002,2021-01-25
900835105,M010,2021-01-01
900835966,M002,2021-01-18
900837679,M003,2021-01-15
900837690,M003,2021-01-27
900837762,M003,2021-02-04
900838415,M003,2021-01-04
900838788,M005,2021-01-12
900839176,M006,2021-01-05
900839294,M006,2021-01-10
900839466,M004,2021-01-04
900840445,M010,2021-01-26
900841254,M009,2021-01-24
900842034,M007,2021-01-25
900842602,M002,2021-01-24
900842708,M004,2021-01-28
900842798,M003,2021-02-01
900842800,M003,2021-02-01
900844001,M014,2021-01-07
900845004,M004,2021-01-11
900845005,M003,2021-01-25
900845096,M003,2021-01-10
900845343,M003,2021-01-24
900845631,M008,2021-01-15
900846268,M004,2021-01-26
900846526,M002,2021-01-25
900847034,M014,2021-01-27
900848203,M004,2021-01-27
900849314,M007,2021-01-25
900849315,M003,2021-01-18
900849590,M003,2021-01-27
900849876,M005,2021-01-28
900850550,M005,2021-01-30
900851175,M014,2021-01-25
900851366,M001,2021-01-10
900854423,M003,2021-01-29
900854583,M013,2021-01-28
900854648,M004,2021-01-26
900855956,M007,2021-01-15
900857132,M010,2021-01-28
900857433,M005,2021-01-31
900857564,M008,2021-01-29
900858535,M003,2021-01-26
900858540,M004,2021-01-27
900858651,M004,2021-01-25
900859215,M001,2021-01-28
900859216,M008,2021-01-28
900859640,M007,2021-01-26
900859674,M005,2021-01-28
900860646,M003,2021-01-28
900860647,M014,2021-01-28
900860852,M013,2021-01-28
900861068,M001,2021-01-26
900861170,M012,2021-01-29
900861748,M006,2021-01-10
900862236,M003,2021-01-31
900862274,M002,2021-01-26
900862368,M003,2021-02-03
900862613,M003,2021-01-27
900862614,M008,2021-01-27
900862754,M004,2021-01-26
900862968,M002,2021-01-31
900863081,M013,2021-01-27
900863547,M013,2021-01-29
900864583,M005,2021-01-29
900864889,M012,2021-01-29
900865434,M005,2021-01-28
900866322,M015,2021-01-26
900866715,M009,2021-02-01
900866718,M001,2021-02-01
900870945,M004,2021-02-01
900870946,M013,2021-02-01
900871523,M010,2021-02-05
900872517,M012,2021-01-18
900872772,M001,2021-01-27
900873502,M006,2021-01-26
900874339,M007,2021-01-29
900874392,M006,2021-02-01
900874417,M003,2021-01-27
900874903,M003,2021-01-27
900875891,M005,2021-01-30
900876537,M012,2021-01-27
900876588,M006,2021-01-30
900876589,M009,2021-01-30
900876590,M002,2021-01-30
900876609,M007,2021-02-02
900876646,M001,2021-02-04
900876700,M009,2021-01-27
900877219,M003,2021-02-01
900878482,M003,2021-01-27
900878750,M014,2021-02-02
900878820,M006,2021-01-30
900878891,M001,2021-02-02
900881780,M005,2021-01-28
900881942,M005,2021-01-27
900881999,M005,2021-01-30
900882379,M012,2021-01-29
900882380,M002,2021-01-29
900882626,M006,2021-01-31
900882636,M003,2021-02-02
900883067,M010,2021-01-31
900884590,M003,2021-02-06
900884591,M012,2021-02-07
900885053,M001,2021-01-26
900885195,M005,2021-02-03
900885267,M007,2021-01-31
900885488,M013,2021-02-03
900885489,M004,2021-02-03
900885759,M010,2021-02-03
900886410,M002,2021-01-30
900887059,M008,2021-01-29
900887082,M005,2021-01-30
900887460,M010,2021-01-10
900887629,M010,2021-02-03
900888376,M014,2021-01-27
900888471,M003,2021-01-07
900889512,M009,2021-01-29
900890254,M008,2021-01-31
900890292,M013,2021-02-05
900892955,M010,2021-02-02
900892956,M009,2021-02-02
900893020,M012,2021-01-27
900893140,M011,2021-02-01
900893812,M002,2021-01-28
900893888,M003,2021-02-01
900895878,M008,2021-01-28
900896356,M012,2021-01-29
900896357,M013,2021-01-29
900896359,M001,2021-01-29
900896759,M014,2021-01-28
900896796,M005,2021-01-30
900896904,M005,2021-01-28
900897035,M010,2021-01-31
900898171,M003,2021-01-30
900898355,M014,2021-01-31
900898356,M011,2021-02-01
900898899,M003,2021-01-30
900901156,M002,2021-01-30
900901347,M014,2021-02-01
900901466,M006,2021-01-29
900901532,M005,2021-02-02
900901555,M001,2021-01-28
900902878,M006,2021-02-03
900903104,M012,2021-01-29
900903636,M006,2021-02-05
900904056,M014,2021-02-03
900904170,M011,2021-01-30
900904225,M003,2021-02-01
900904227,M003,2021-02-01
900904320,M006,2021-01-30
900904417,M008,2021-01-29
900904577,M011,2021-01-29
900905961,M005,2021-01-31
900909127,M007,2021-01-31
900910056,M008,2021-02-01
900910247,M005,2021-02-02
900910334,M012,2021-02-02
900910335,M001,2021-02-02
900910418,M008,2021-01-29
900910685,M001,2021-02-02
900910809,M005,2021-02-01
900913662,M003,2021-02-02
900914271,M003,2021-02-01
900914272,M013,2021-02-02
900914296,M001,2021-02-04
900915078,M003,2021-02-01
900915884,M010,2021-02-01
900916170,M003,2021-02-02
900916780,M008,2021-02-02
900917000,M010,2021-02-03
900917936,M005,2021-01-31
900918844,M001,2021-01-31
900918846,M003,2021-01-31
900920510,M011,2021-02-01
900920936,M008,2021-01-30
900921271,M003,2021-02-01
900921272,M001,2021-02-02
900921381,M001,2021-01-31
900921604,M011,2021-02-03
900921865,M003,2021-02-01
900921887,M010,2021-02-03
900922180,M001,2021-02-02
900923891,M003,2021-02-02
900924609,M008,2021-02-03
900924610,M009,2021-02-03
900925133,M014,2021-01-18
900925815,M003,2021-02-05
900925818,M008,2021-02-05
900926318,M007,2021-01-30
900926740,M012,2021-02-04
900927316,M010,2021-02-03
900927447,M006,2021-02-04
900927657,M002,2021-01-29
900928144,M003,2021-02-01
900928851,M007,2021-01-30
900929002,M009,2021-01-29
900929458,M012,2021-01-31
900929479,M011,2021-02-03
900929702,M009,2021-02-03
900930373,M001,2021-02-05
900930699,M009,2021-01-16
900930793,M005,2021-02-05
900931056,M011,2021-02-01
900932205,M009,2021-02-01
900933350,M005,2021-02-04
900934025,M003,2021-02-01
900934108,M011,2021-01-30
900934501,M008,2021-02-03
900935197,M003,2021-02-03
900937475,M013,2021-02-04
900937909,M009,2021-02-02
900938807,M008,2021-02-01
900940020,M013,2021-02-02
900940860,M014,2021-02-01
900940862,M012,2021-01-16
900940863,M013,2021-01-17
900940864,M003,2021-01-28
900940865,M012,2021-02-01
900941523,M007,2021-02-03
900941656,M001,2021-02-03
900941657,M013,2021-02-03
900941907,M008,2021-02-01
900942102,M005,2021-02-02
900942512,M003,2021-01-31
900942611,M011,2021-02-03
900943450,M003,2021-02-02
900944222,M001,2021-02-08
900946704,M003,2021-02-02
900946975,M008,2021-02-06
900946976,M005,2021-02-06
900947196,M007,2021-02-03
900947339,M008,2021-02-04
900947786,M002,2021-02-03
900948063,M014,2021-02-02
900948179,M004,2021-02-06
900948185,M008,2021-02-07
900949243,M010,2021-02-06
900949696,M010,2021-02-04
900950052,M013,2021-02-03
900950057,M004,2021-02-04
900950364,M003,2021-02-04
900950365,M002,2021-02-04
900950965,M001,2021-02-04
900952019,M005,2021-02-03
900953343,M001,2021-02-03
900954829,M012,2021-02-03
900955181,M006,2021-02-05
900957805,M007,2021-02-01
900958877,M009,2021-02-04
900959539,M012,2021-02-14
900959540,M003,2021-02-14
900959620,M012,2021-02-05
900959748,M008,2021-02-21
900959749,M013,2021-02-21
900959939,M003,2021-02-03
900960133,M003,2021-02-03
900961236,M008,2021-02-04
900961995,M003,2021-02-05
900962924,M003,2021-02-04
900963723,M003,2021-02-06
900964355,M008,2021-02-06
900964754,M003,2021-02-06
900965409,M009,2021-02-06
900965609,M001,2021-02-02
900966330,M005,2021-02-05
900966484,M008,2021-02-05
900967539,M008,2021-02-07
900967540,M005,2021-02-07
900968316,M003,2021-02-03
900969500,M012,2021-02-07
900971853,M010,2021-01-09
900971951,M012,2021-02-05
900971952,M003,2021-02-05
900973263,M004,2021-02-04
900973350,M003,2021-02-03
900974907,M003,2021-02-02
900975447,M008,2021-02-08
900975448,M005,2021-02-07
900976576,M012,2021-02-04
900976694,M002,2021-02-09
900976994,M010,2021-02-10
900977325,M001,2021-02-04
900977373,M002,2021-02-07
900979078,M001,2021-02-08
900979430,M004,2021-02-04
900979431,M005,2021-02-04
900979502,M003,2021-02-07
900979503,M008,2021-02-07
900979791,M005,2021-02-05
900981520,M011,2021-02-03
900982195,M007,2021-02-06
900983595,M013,2021-02-02
900984041,M002,2021-02-09
900984277,M002,2021-02-07
900984889,M003,2021-02-07
900985087,M008,2021-02-09
900985681,M007,2021-02-10
900986701,M010,2021-02-09
900987008,M013,2021-02-08
900991016,M010,2021-02-10
900991278,M002,2021-02-05
900991489,M005,2021-02-08
900992085,M001,2021-02-06
900992422,M003,2021-02-01
900992682,M002,2021-02-05
900993388,M002,2021-02-07
900993494,M003,2021-02-19
900993680,M011,2021-02-07
900993681,M009,2021-02-07
900993803,M004,2021-02-04
900994091,M003,2021-02-07
900994092,M014,2021-02-08
900994093,M008,2021-02-01
900994741,M005,2021-02-06
900995117,M005,2021-02-08
900995118,M014,2021-02-07
900995485,M013,2021-02-06
900995640,M005,2021-02-07
900996161,M005,2021-02-08
900998675,M014,2021-02-07
901000126,M006,2021-02-05
901000919,M005,2021-02-08
901003481,M008,2021-02-09
901004149,M004,2021-02-17
901004204,M008,2021-02-06
901004209,M013,2021-02-07
901004645,M012,2021-02-06
901005383,M003,2021-02-08
901005384,M004,2021-02-08
901006302,M006,2021-02-08
901006635,M010,2021-02-03
901006938,M008,2021-02-08
901008739,M003,2021-02-10
901008864,M014,2021-02-08
901009988,M006,2021-02-12
901010580,M003,2021-02-14
901010581,M011,2021-02-14
901012105,M001,2021-02-06
901012106,M006,2021-02-06
901012107,M004,2021-02-06
901012719,M002,2021-02-06
901012874,M006,2021-02-07
901013008,M015,2021-02-06
901013628,M001,2021-02-08
901013629,M005,2021-02-08
901014004,M004,2021-02-10
901014013,M004,2021-02-11
901014041,M005,2021-02-12
901014347,M005,2021-02-13
901014878,M001,2021-02-07
901014886,M001,2021-02-09
901015302,M005,2021-02-03
901016633,M011,2021-02-07
901018435,M008,2021-02-08
901018441,M008,2021-02-07
901018442,M012,2021-02-02
901019244,M013,2021-02-09
901019245,M006,2021-02-10
901019368,M008,2021-02-08
901019369,M006,2021-02-08
901020024,M010,2021-02-13
901020247,M005,2021-02-08
901020333,M010,2021-02-13
901020359,M003,2021-02-06
901020360,M002,2021-02-07
901020910,M014,2021-02-10
901021323,M012,2021-02-01
901022454,M013,2021-02-07
901022909,M005,2021-02-07
901023034,M013,2021-02-10
901023098,M008,2021-02-09
901023210,M013,2021-02-08
901023211,M007,2021-02-07
901023245,M002,2021-02-01
901023575,M001,2021-02-10
901023635,M003,2021-02-13
901027182,M013,2021-02-10
901028174,M005,2021-02-09
901028775,M006,2021-02-06
901028847,M001,2021-02-11
901028848,M013,2021-02-11
901029099,M005,2021-02-09
901029841,M005,2021-02-10
901030021,M005,2021-02-04
901030022,M006,2021-02-03
901030230,M005,2021-02-08
901030476,M012,2021-02-11
901030865,M001,2021-02-07
901031998,M008,2021-02-10
901032304,M014,2021-02-10
901032777,M003,2021-02-17
901032913,M003,2021-02-15
901033603,M003,2021-02-09
901034189,M010,2021-02-03
901034477,M001,2021-02-09
901034981,M008,2021-02-10
901034983,M010,2021-02-11
901035081,M011,2021-02-10
901035727,M014,2021-02-09
901036354,M005,2021-02-13
901039678,M003,2021-02-10
901040897,M001,2021-02-16
901041378,M010,2021-02-10
901041704,M003,2021-02-17
901041737,M009,2021-02-27
901041984,M013,2021-02-11
901041985,M003,2021-02-11
901042266,M013,2021-02-09
901042894,M003,2021-02-01
901043327,M011,2021-02-03
901044702,M004,2021-02-10
901044703,M001,2021-02-08
901044835,M006,2021-02-10
901045563,M002,2021-02-09
901045564,M003,2021-02-09
901045565,M009,2021-02-09
901046198,M003,2021-02-10
901046464,M006,2021-02-06
901048134,M005,2021-02-11
901050067,M003,2021-02-06
901050493,M003,2021-02-15
901050584,M005,2021-02-11
901050800,M002,2021-02-17
901052956,M003,2021-02-13
901052971,M005,2021-02-14
901053502,M011,2021-02-09
901053503,M007,2021-02-09
901053505,M010,2021-02-09
901054060,M003,2021-02-13
901054076,M009,2021-02-14
901054429,M004,2021-02-10
901054430,M003,2021-02-09
901054921,M013,2021-02-13
901054961,M003,2021-02-16
901056052,M001,2021-02-05
901056059,M003,2021-02-04
901056187,M007,2021-02-13
901056343,M008,2021-02-13
901056351,M005,2021-02-02
901056463,M003,2021-02-13
901057224,M009,2021-02-12
901057274,M009,2021-02-09
901057867,M003,2021-02-09
901059079,M011,2021-02-10
901059080,M007,2021-02-10
901059699,M013,2021-02-10
901059841,M002,2021-02-08
901060469,M012,2021-02-11
901061442,M011,2021-02-18
901062060,M008,2021-02-11
901062061,M005,2021-02-11
901062728,M008,2021-02-12
901064332,M008,2021-02-10
901064786,M004,2021-02-09
901065239,M003,2021-02-11
901065989,M012,2021-02-10
901066285,M011,2021-02-10
901066312,M014,2021-02-12
901066313,M002,2021-02-12
901066500,M015,2021-02-12
901066501,M012,2021-02-13
901067803,M008,2021-02-11
901067859,M011,2021-02-13
901067953,M010,2021-02-10
901068966,M010,2021-02-09
901070094,M005,2021-02-12
901070095,M008,2021-02-12
901070622,M005,2021-02-10
901072300,M002,2021-02-10
901072327,M008,2021-02-12
901072574,M009,2021-02-11
901073146,M008,2021-02-19
901073500,M005,2021-02-11
901073865,M004,2021-02-15
901075817,M010,2021-02-16
901075818,M001,2021-02-16
901075869,M009,2021-02-08
901076219,M002,2021-02-12
901079010,M003,2021-02-11
901079931,M001,2021-02-14
901080707,M012,2021-02-13
901081136,M008,2021-02-12
901081228,M009,2021-02-16
901081528,M001,2021-02-18
901082136,M003,2021-02-15
901082596,M013,2021-02-14
901083005,M001,2021-02-14
901083012,M008,2021-02-14
901083157,M005,2021-02-12
901083367,M008,2021-02-11
901083617,M005,2021-02-17
901083703,M012,2021-02-16
901084386,M004,2021-02-17
901084744,M004,2021-02-12
901084925,M001,2021-02-14
901084996,M001,2021-02-16
901085463,M005,2021-02-12
901086745,M002,2021-02-15
901087230,M002,2021-02-15
901087967,M003,2021-02-16
901088211,M003,2021-02-16
901088212,M003,2021-02-16
901088254,M008,2021-02-18
901089332,M007,2021-02-20
901089613,M001,2021-02-28
901089886,M001,2021-02-22
901090090,M012,2021-02-17
901090185,M004,2021-02-15
901090877,M003,2021-02-12
901091310,M005,2021-02-11
901091526,M001,2021-02-14
901091548,M005,2021-02-15
901091741,M004,2021-02-15
901092169,M007,2021-02-17
901092201,M005,2021-02-11
901093272,M012,2021-02-13
901093801,M006,2021-02-24
901095135,M001,2021-02-17
901095136,M010,2021-02-17
901095137,M014,2021-02-17
901095325,M014,2021-02-16
901095966,M003,2021-02-12
901096724,M006,2021-02-12
901096995,M005,2021-02-18
901097368,M003,2021-02-15
901097669,M009,2021-02-16
901097687,M007,2021-02-17
901097688,M007,2021-02-17
901097960,M011,2021-02-15
901098559,M001,2021-02-14
901098714,M004,2021-02-16
901099059,M010,2021-02-17
901100969,M003,2021-02-14
901101406,M002,2021-02-13
901101967,M003,2021-02-12
901103254,M003,2021-02-20
901103540,M005,2021-02-21
901103933,M006,2021-02-13
901104711,M014,2021-02-20
901104727,M007,2021-02-25
901105077,M014,2021-02-17
901105102,M005,2021-02-12
901106313,M006,2021-02-13
901106542,M008,2021-02-20
901107054,M005,2021-02-12
901107340,M009,2021-02-23
901107342,M003,2021-02-23
901107738,M001,2021-02-15
901107815,M002,2021-02-12
901108123,M005,2021-02-13
901109280,M006,2021-02-17
901110022,M004,2021-02-17
901110023,M015,2021-02-17
901112413,M003,2021-02-17
901112858,M005,2021-02-19
901112859,M005,2021-02-19
901113188,M007,2021-02-18
901113524,M011,2021-02-13
901113528,M007,2021-02-13
901113857,M012,2021-02-15
901113872,M011,2021-02-16
901114022,M003,2021-02-16
901114192,M008,2021-02-15
901114676,M011,2021-02-18
901114778,M003,2021-02-18
901114920,M003,2021-02-16
901115278,M012,2021-02-18
901117332,M006,2021-02-17
901118044,M008,2021-02-14
901118238,M003,2021-02-15
901120269,M003,2021-02-14
901120783,M003,2021-02-24
901121076,M010,2021-02-22
901121487,M008,2021-02-16
901121612,M002,2021-02-15
901121861,M005,2021-02-20
901122412,M014,2021-02-14
901122802,M014,2021-02-12
901125612,M003,2021-02-17
901126291,M003,2021-02-15
901127559,M003,2021-02-19
901127915,M012,2021-02-14
901128312,M005,2021-02-17
901128368,M007,2021-02-15
901128596,M006,2021-02-17
901128963,M013,2021-02-14
901129537,M003,2021-02-21
901129790,M012,2021-02-17
901130248,M006,2021-02-18
901132371,M003,2021-02-26
901132924,M004,2021-02-17
901133565,M003,2021-02-17
901133587,M003,2021-02-17
901135002,M007,2021-02-17
901135629,M013,2021-02-16
901136488,M012,2021-02-16
901136489,M009,2021-02-16
901137268,M003,2021-02-16
901139956,M005,2021-02-17
901139957,M003,2021-02-18
901140780,M007,2021-02-22
901141032,M011,2021-02-20
901141065,M001,2021-02-22
901141067,M003,2021-02-22
901141068,M008,2021-02-22
901141069,M004,2021-02-22
901141517,M005,2021-02-24
901141623,M002,2021-02-18
901141749,M007,2021-02-17
901144024,M002,2021-02-17
901144571,M003,2021-02-16
901144575,M005,2021-02-16
901144628,M008,2021-02-23
901145225,M003,2021-02-17
901145567,M013,2021-02-20
901148018,M008,2021-02-16
901150183,M013,2021-02-18
901151565,M012,2021-02-19
901152099,M007,2021-02-17
901152403,M003,2021-02-18
901153741,M007,2021-02-18
901153803,M007,2021-02-19
901153878,M005,2021-02-16
901154046,M006,2021-02-17
901154458,M003,2021-02-16
901154502,M007,2021-02-21
901155215,M010,2021-02-20
901155223,M002,2021-02-22
901155399,M014,2021-02-16
901155451,M003,2021-02-18
901155799,M003,2021-02-23
901156373,M008,2021-02-22
901157943,M004,2021-02-19
901158093,M003,2021-02-18
901158094,M006,2021-02-18
901158377,M003,2021-02-17
901158877,M007,2021-02-20
901161670,M003,2021-02-17
901162096,M005,2021-02-21
901162155,M011,2021-02-20
901162751,M005,2021-02-18
901163225,M009,2021-02-23
901163423,M013,2021-02-21
901165104,M001,2021-02-17
901165239,M003,2021-02-22
901165248,M001,2021-02-22
901166207,M003,2021-02-20
901166515,M006,2021-02-26
901166616,M001,2021-02-17
901168926,M007,2021-02-19
901169767,M015,2021-02-19
901169769,M004,2021-02-19
901169770,M001,2021-02-19
901171038,M003,2021-02-20
901171219,M003,2021-02-21
901172527,M005,2021-02-20
901173996,M003,2021-02-18
901178459,M003,2021-02-19
901178934,M001,2021-02-20
901179052,M013,2021-02-18
901179053,M003,2021-02-18
901179216,M001,2021-02-20
901179301,M005,2021-02-28
901179977,M003,2021-02-19
901180056,M011,2021-02-22
901180130,M008,2021-02-19
901180851,M008,2021-02-18
901181084,M008,2021-02-21
901181679,M003,2021-02-20
901181858,M002,2021-02-22
901182092,M003,2021-02-20
901182313,M004,2021-02-26
901182395,M005,2021-02-20
901182811,M003,2021-02-18
901182814,M010,2021-02-19
901184356,M002,2021-02-21
901185982,M003,2021-02-21
901186617,M002,2021-02-20
901187895,M005,2021-02-24
901187896,M013,2021-02-24
901188140,M013,2021-02-22
901189259,M001,2021-02-18
901189260,M003,2021-02-18
901192894,M003,2021-02-23
901195299,M003,2021-02-24
901195521,M005,2021-02-24
901195554,M008,2021-02-19
901196584,M007,2021-02-22
901196723,M014,2021-02-23
901196752,M001,2021-02-19
901196948,M008,2021-02-21
901198535,M005,2021-02-25
901198893,M003,2021-02-21
901199475,M007,2021-02-21
901199516,M011,2021-02-23
901199802,M008,2021-02-22
901199803,M003,2021-02-22
901199804,M003,2021-02-22
901199811,M009,2021-02-23
901200181,M008,2021-02-22
901200240,M003,2021-02-21
901200299,M012,2021-02-23
901201471,M003,2021-02-21
901201504,M004,2021-02-23
901204673,M002,2021-02-24
901204762,M001,2021-02-22
901205530,M013,2021-02-22
901205531,M001,2021-02-22
901205971,M011,2021-02-22
901206004,M003,2021-02-24
901206032,M007,2021-02-26
901206072,M014,2021-02-21
901206156,M013,2021-02-25
901206332,M013,2021-02-28
901206684,M013,2021-02-23
901208952,M002,2021-02-23
901209378,M009,2021-02-25
901209926,M005,2021-02-23
901210333,M003,2021-02-23
901210628,M010,2021-02-25
901210895,M004,2021-02-22
901212431,M012,2021-02-24
901213187,M003,2021-02-28
901214836,M010,2021-02-24
901215160,M008,2021-02-26
901216396,M003,2021-02-26
901217154,M005,2021-02-21
901217379,M005,2021-02-25
901218017,M005,2021-02-25
901218601,M005,2021-02-25
901218734,M003,2021-02-23
901219880,M012,2021-02-22
901221149,M001,2021-02-24
901221244,M013,2021-02-22
901221464,M004,2021-02-28
901222409,M001,2021-02-21
901223477,M003,2021-02-22
901223615,M003,2021-02-22
901223644,M001,2021-02-23
901223810,M012,2021-02-23
901223940,M012,2021-02-22
901224336,M002,2021-02-27
901224893,M010,2021-02-24
901225126,M011,2021-02-24
901225138,M003,2021-02-28
901225347,M009,2021-02-25
901225372,M007,2021-02-27
901225757,M008,2021-02-23
901227533,M014,2021-02-23
901230667,M002,2021-02-23
901231910,M003,2021-02-24
901231914,M003,2021-02-24
901232163,M008,2021-02-22
901232535,M010,2021-02-23
901232569,M003,2021-02-25
901232578,M013,2021-02-23
901234293,M001,2021-02-24
901234558,M006,2021-02-24
901234645,M001,2021-02-28
901238264,M003,2021-02-27
901239678,M014,2021-02-24
901240316,M002,2021-02-24
901241063,M003,2021-02-26
901241515,M009,2021-02-25
901241792,M008,2021-02-24
901245026,M003,2021-02-27
901245762,M002,2021-02-26
901245763,M012,2021-02-23
901245807,M003,2021-02-23
901246075,M013,2021-02-28
901246724,M002,2021-02-26
901247264,M009,2021-02-28
901247384,M005,2021-02-28
901248170,M005,2021-02-28
901248451,M003,2021-02-27
901248792,M006,2021-02-28
901251487,M007,2021-02-27
901251896,M001,2021-02-28
901254306,M012,2021-02-25
901254731,M008,2021-02-27
901256207,M003,2021-02-27
901256208,M007,2021-02-27
901257140,M003,2021-02-28
901258376,M003,2021-02-28
901258801,M005,2021-02-28
901259488,M003,2021-02-24
901259577,M008,2021-02-26
901259578,M005,2021-02-26
901261706,M002,2021-02-25
901262451,M005,2021-02-24
901262777,M005,2021-02-25
901264289,M010,2021-02-25
901264967,M003,2021-02-27
901265951,M011,2021-02-23
901266239,M003,2021-02-28
901268024,M009,2021-02-25
901269357,M008,2021-02-25
901270262,M008,2021-02-26
901270769,M010,2021-02-27
901272102,M005,2021-02-28
901272106,M003,2021-02-26
901273254,M007,2021-02-25
901273912,M003,2021-02-27
901274156,M008,2021-02-25
901274157,M006,2021-02-25
901274304,M007,2021-02-25
901276861,M003,2021-02-23
901277309,M008,2021-02-27
901278138,M001,2021-02-28
901280645,M012,2021-02-26
901281242,M005,2021-02-24
901281550,M002,2021-02-27
901282617,M002,2021-02-27
901284212,M006,2021-02-26
901284355,M001,2021-02-26
901288363,M011,2021-02-28
901288744,M012,2021-02-28
901290351,M005,2021-02-26
901293545,M003,2021-02-28
901295319,M007,2021-02-24
901299528,M012,2021-02-28
901304328,M012,2021-02-28
901305254,M014,2021-02-28
901309102,M002,2021-02-28
901321525,M008,2021-02-01
901357918,M005,2021-02-28
901366903,M014,2021-02-28
903791295,M007,2021-01-02
904513010,M002,2021-01-01
905082650,M003,2021-01-01
905440952,M001,2021-01-02
905649492,M005,2021-01-02
905652478,M003,2021-01-11
905835310,M005,2021-01-02
905895931,M012,2021-01-01
905928913,M008,2021-01-03
905928914,M005,2021-01-02
905929968,M003,2021-01-01
905942139,M014,2021-01-02
905948927,M003,2021-01-03
905949296,M003,2021-01-02
905954228,M014,2021-01-02
905961553,M001,2021-01-05
905961902,M005,2021-01-01
905965840,M014,2021-01-05
905969741,M008,2021-01-03
905971802,M012,2021-01-01
905976182,M001,2021-01-04
905984525,M009,2021-01-04
905989606,M005,2021-01-03
905999408,M010,2021-01-01
905999439,M011,2021-01-02
906001533,M013,2021-01-03
906005127,M003,2021-01-02
906005136,M013,2021-01-02
906008415,M003,2021-01-02
906008416,M003,2021-01-01
906011878,M003,2021-01-03
906015093,M001,2021-01-01
906019136,M002,2021-01-01
906019137,M003,2021-01-01
906024451,M003,2021-01-01
906026726,M014,2021-01-03
906026730,M012,2021-01-04
906027286,M003,2021-01-03
906040826,M003,2021-01-02
906043218,M008,2021-01-02
906048879,M003,2021-01-01
906048884,M013,2021-01-01
906050386,M004,2021-01-02
906050722,M006,2021-01-05
906051284,M011,2021-01-01
906051285,M009,2021-01-02
906051798,M003,2021-01-04
906053893,M012,2021-01-05
906055210,M008,2021-01-04
906055534,M005,2021-01-05
906055546,M001,2021-01-04
906055870,M001,2021-01-01
906056156,M003,2021-01-02
906056158,M001,2021-01-02
906063185,M012,2021-01-02
906067750,M003,2021-01-03
906068261,M007,2021-01-04
906068262,M005,2021-01-04
906068263,M004,2021-01-05
906068576,M004,2021-01-01
906068578,M006,2021-01-02
906068587,M004,2021-01-02
906073854,M013,2021-01-01
906074974,M012,2021-01-03
906075170,M002,2021-01-02
906075651,M003,2021-01-01
906076177,M011,2021-01-05
906077196,M003,2021-01-02
906077197,M003,2021-01-02
906077206,M012,2021-01-02
906078171,M013,2021-01-05
906078775,M003,2021-01-03
906078868,M003,2021-01-02
906086296,M003,2021-01-05
906087762,M008,2021-01-04
906089252,M002,2021-01-03
906090726,M001,2021-01-01
906090727,M011,2021-01-02
906092614,M012,2021-01-02
906093122,M012,2021-01-03
906096176,M003,2021-01-02
906097965,M003,2021-01-05
906098675,M004,2021-01-03
906098676,M005,2021-01-02
906102942,M002,2021-01-03
906103871,M009,2021-01-02
906105257,M003,2021-01-02
906105356,M006,2021-01-02
906105503,M003,2021-01-02
906105504,M008,2021-01-01
906107167,M008,2021-01-02
906109079,M004,2021-01-05
906112001,M012,2021-01-02
906113046,M013,2021-01-02
906113498,M004,2021-01-01
906114473,M001,2021-01-01
906115804,M008,2021-01-04
906116319,M001,2021-01-03
906117547,M012,2021-01-04
906129089,M009,2021-01-02
906131620,M012,2021-01-02
906131621,M003,2021-01-02
906132419,M013,2021-01-02
906133199,M006,2021-01-04
906138314,M010,2021-01-04
906139254,M008,2021-01-03
906139255,M005,2021-01-03
906139472,M005,2021-01-04
906140024,M010,2021-01-01
906144486,M010,2021-01-04
906145068,M003,2021-01-05
906146103,M014,2021-01-03
906147862,M005,2021-01-02
906147871,M009,2021-01-02
906149015,M003,2021-01-03
906149016,M003,2021-01-02
906149115,M003,2021-01-05
906149429,M005,2021-01-19
906149616,M002,2021-01-05
906149903,M004,2021-01-03
906150374,M008,2021-01-04
906150958,M003,2021-01-03
906151254,M014,2021-01-03
906151263,M001,2021-01-03
906151506,M001,2021-01-01
906152905,M010,2021-01-03
906153207,M003,2021-01-03
906154527,M005,2021-01-04
906154528,M007,2021-01-04
906155938,M013,2021-01-04
906156420,M003,2021-01-06
906156877,M015,2021-01-03
906157172,M011,2021-01-03
906157173,M003,2021-01-03
906159758,M001,2021-01-04
906159784,M004,2021-01-05
906162249,M008,2021-01-05
906164185,M014,2021-01-03
906165967,M010,2021-01-02
906169637,M007,2021-01-06
906169639,M004,2021-01-05
906169647,M002,2021-01-05
906173157,M007,2021-01-03
906173162,M008,2021-01-03
906173171,M014,2021-01-03
906174411,M001,2021-01-05
906174759,M003,2021-01-03
906175145,M009,2021-01-03
906175427,M008,2021-01-04
906181794,M003,2021-01-03
906183824,M007,2021-01-01
906184205,M001,2021-01-04
906184244,M008,2021-01-09
906185049,M003,2021-01-03
906185052,M004,2021-01-04
906187166,M014,2021-01-04
906192946,M003,2021-01-06
906193412,M003,2021-01-03
906194250,M012,2021-01-05
906194251,M003,2021-01-06
906195397,M006,2021-01-04
906196966,M008,2021-01-04
906198093,M012,2021-01-04
906198109,M001,2021-01-05
906198117,M003,2021-01-05
906203050,M011,2021-01-03
906205172,M008,2021-01-06
906205868,M008,2021-01-04
906208142,M011,2021-01-05
906208541,M013,2021-01-18
906208854,M011,2021-01-04
906210363,M005,2021-01-03
906212719,M002,2021-01-06
906212779,M012,2021-01-05
906212780,M006,2021-01-05
906213951,M001,2021-01-04
906214007,M008,2021-01-04
906214044,M001,2021-01-06
906215936,M005,2021-01-05
906215943,M014,2021-01-05
906215947,M002,2021-01-04
906217334,M006,2021-01-05
906219058,M013,2021-01-04
906220484,M005,2021-01-04
906220692,M009,2021-01-06
906220908,M002,2021-01-04
906225716,M012,2021-01-05
906226987,M001,2021-01-06
906229848,M011,2021-01-07
906230173,M010,2021-01-05
906230174,M013,2021-01-04
906234636,M009,2021-01-06
906235208,M003,2021-01-05
906235215,M003,2021-01-05
906235451,M003,2021-01-05
906235975,M001,2021-01-08
906237529,M013,2021-01-04
906237533,M014,2021-01-05
906237895,M003,2021-01-05
906244591,M012,2021-01-05
906244752,M006,2021-01-05
906244753,M010,2021-01-05
906245793,M003,2021-01-07
906246748,M003,2021-01-04
906247224,M008,2021-01-05
906248943,M003,2021-01-05
906250606,M009,2021-01-05
906251359,M005,2021-01-06
906255513,M009,2021-01-04
906255795,M012,2021-01-08
906256434,M003,2021-01-04
906262156,M006,2021-01-06
906262758,M011,2021-01-06
906274808,M003,2021-01-06
906275516,M005,2021-01-07
906276225,M003,2021-01-05
906277370,M003,2021-01-08
906277888,M005,2021-01-05
906277889,M003,2021-01-06
906278298,M010,2021-01-08
906280217,M012,2021-01-07
906280692,M003,2021-01-07
906281678,M007,2021-01-06
906282442,M012,2021-01-07
906283119,M010,2021-01-05
906284063,M003,2021-01-06
906285612,M013,2021-01-06
906287304,M005,2021-01-05
906287305,M011,2021-01-06
906288475,M003,2021-01-07
906290574,M005,2021-01-07
906295131,M009,2021-01-05
906295361,M002,2021-01-07
906295368,M012,2021-01-07
906296805,M004,2021-01-11
906297565,M003,2021-01-07
906301172,M005,2021-01-06
906301798,M012,2021-01-06
906302771,M013,2021-01-06
906302780,M001,2021-01-06
906302953,M001,2021-01-07
906305813,M010,2021-01-06
906305903,M009,2021-01-07
906305904,M003,2021-01-06
906309217,M003,2021-01-05
906309710,M003,2021-01-07
906312401,M004,2021-01-05
906312470,M007,2021-01-06
906313342,M009,2021-01-08
906313897,M011,2021-01-06
906314232,M013,2021-01-25
906314905,M009,2021-01-06
906315333,M011,2021-01-13
906315335,M003,2021-01-13
906315365,M013,2021-01-06
906315905,M001,2021-01-08
906316497,M005,2021-01-06
906320811,M015,2021-01-06
906322914,M006,2021-01-07
906324588,M005,2021-01-06
906325898,M003,2021-01-07
906328667,M009,2021-01-09
906328675,M012,2021-01-09
906329443,M010,2021-01-09
906331074,M003,2021-01-07
906331075,M004,2021-01-06
906331457,M002,2021-01-06
906333839,M009,2021-01-08
906336321,M002,2021-01-08
906336841,M004,2021-01-06
906337169,M007,2021-01-08
906342184,M001,2021-01-08
906342192,M008,2021-01-08
906343386,M003,2021-01-07
906345588,M003,2021-01-12
906345688,M005,2021-01-07
906345689,M001,2021-01-07
906345690,M003,2021-01-07
906350257,M005,2021-01-08
906353036,M012,2021-01-07
906355729,M003,2021-01-08
906358198,M009,2021-01-05
906359934,M011,2021-01-06
906360116,M010,2021-01-05
906360171,M005,2021-01-08
906360229,M003,2021-01-06
906360237,M003,2021-01-06
906362595,M011,2021-01-10
906362827,M003,2021-01-08
906366676,M005,2021-01-07
906367352,M011,2021-01-08
906367364,M003,2021-01-06
906368044,M012,2021-01-07
906371658,M002,2021-01-06
906371659,M005,2021-01-08
906372879,M003,2021-01-09
906373861,M013,2021-01-07
906374454,M013,2021-01-07
906374462,M012,2021-01-07
906374926,M011,2021-01-06
906375988,M009,2021-01-06
906376252,M005,2021-01-07
906377079,M011,2021-01-08
906377151,M001,2021-01-06
906377345,M013,2021-01-07
906378856,M003,2021-01-05
906379443,M007,2021-01-07
906381516,M005,2021-01-07
906382057,M005,2021-01-08
906382065,M006,2021-01-08
906387514,M006,2021-01-06
906391656,M003,2021-01-09
906392851,M003,2021-01-11
906392852,M005,2021-01-11
906393445,M014,2021-01-09
906393453,M005,2021-01-09
906396563,M014,2021-01-06
906396565,M008,2021-01-08
906397601,M003,2021-01-07
906397977,M003,2021-01-08
906398950,M003,2021-01-04
906399022,M004,2021-01-09
906400208,M005,2021-01-09
906400215,M001,2021-01-09
906401045,M008,2021-01-06
906401740,M004,2021-01-12
906404475,M009,2021-01-07
906405797,M008,2021-01-13
906406597,M011,2021-01-07
906406605,M008,2021-01-07
906408763,M001,2021-01-08
906409739,M008,2021-01-06
906411394,M009,2021-01-08
906413029,M004,2021-01-07
906413030,M005,2021-01-08
906414490,M003,2021-01-16
906414498,M005,2021-01-16
906418893,M003,2021-01-16
906420078,M013,2021-01-07
906421378,M012,2021-01-12
906422765,M002,2021-01-08
906422883,M002,2021-01-10
906423532,M013,2021-01-06
906424737,M001,2021-01-08
906424896,M005,2021-01-06
906425030,M004,2021-01-08
906425158,M007,2021-01-06
906429806,M005,2021-01-08
906430725,M011,2021-01-08
906430942,M001,2021-01-08
906431805,M004,2021-01-11
906431806,M002,2021-01-09
906433467,M009,2021-01-09
906434407,M014,2021-01-17
906438793,M001,2021-01-11
906439012,M014,2021-01-09
906439086,M005,2021-01-10
906439237,M001,2021-01-13
906439595,M003,2021-01-08
906439745,M012,2021-01-08
906442624,M003,2021-01-08
906447039,M001,2021-01-11
906448433,M003,2021-01-08
906448525,M005,2021-01-20
906449253,M003,2021-01-07
906451464,M001,2021-01-09
906451465,M001,2021-01-08
906452133,M004,2021-01-10
906452696,M005,2021-01-06
906452697,M006,2021-01-08
906453576,M014,2021-01-09
906453947,M008,2021-01-14
906456837,M004,2021-01-08
906457011,M001,2021-01-07
906458818,M010,2021-01-11
906464388,M006,2021-01-11
906468389,M014,2021-01-09
906470241,M010,2021-01-11
906470312,M003,2021-01-09
906470333,M007,2021-01-09
906471516,M001,2021-01-09
906472834,M003,2021-01-12
906472841,M008,2021-01-12
906473526,M010,2021-01-14
906474097,M008,2021-01-09
906474100,M006,2021-01-09
906474292,M005,2021-01-15
906476261,M009,2021-01-14
906476906,M012,2021-01-08
906478251,M013,2021-01-09
906478568,M005,2021-01-08
906479641,M014,2021-01-20
906479649,M008,2021-01-20
906483311,M005,2021-01-12
906484906,M008,2021-01-10
906485699,M005,2021-01-10
906486776,M005,2021-01-12
906487385,M009,2021-01-10
906487388,M011,2021-01-10
906488433,M002,2021-01-11
906489192,M010,2021-01-11
906489392,M002,2021-01-18
906489401,M001,2021-01-18
906489703,M009,2021-01-11
906489711,M002,2021-01-11
906494051,M003,2021-01-11
906496084,M003,2021-01-12
906496343,M012,2021-01-11
906497017,M013,2021-01-08
906498716,M011,2021-01-08
906500633,M004,2021-01-10
906500874,M006,2021-01-13
906503371,M003,2021-01-10
906503372,M004,2021-01-10
906509529,M003,2021-01-09
906511250,M012,2021-01-17
906513293,M012,2021-01-09
906513294,M009,2021-01-12
906514935,M005,2021-01-10
906514943,M003,2021-01-10
906518692,M011,2021-01-13
906519015,M013,2021-01-11
906519016,M001,2021-01-11
906519018,M007,2021-01-13
906519105,M005,2021-01-11
906523474,M001,2021-01-12
906523481,M004,2021-01-12
906523936,M014,2021-01-12
906523937,M003,2021-01-12
906524240,M003,2021-01-12
906525128,M011,2021-01-15
906525282,M008,2021-01-17
906526279,M009,2021-01-10
906527961,M003,2021-01-11
906528675,M001,2021-01-10
906529470,M005,2021-01-12
906530116,M005,2021-01-13
906530124,M005,2021-01-13
906530463,M008,2021-01-10
906530929,M008,2021-01-10
906531750,M001,2021-01-11
906531758,M002,2021-01-11
906531908,M011,2021-01-07
906531909,M003,2021-01-14
906532678,M011,2021-01-12
906532685,M005,2021-01-12
906533337,M003,2021-01-11
906534008,M003,2021-01-11
906534267,M013,2021-01-12
906534641,M004,2021-01-16
906534715,M001,2021-01-12
906535475,M005,2021-01-11
906538847,M003,2021-01-19
906539011,M013,2021-01-10
906539502,M005,2021-01-11
906539511,M001,2021-01-11
906541064,M009,2021-01-19
906541071,M008,2021-01-19
906541403,M007,2021-01-10
906541563,M004,2021-01-10
906541568,M007,2021-01-10
906541656,M014,2021-01-13
906541665,M003,2021-01-13
906541850,M001,2021-01-15
906541933,M011,2021-01-10
906543423,M011,2021-01-12
906543554,M011,2021-01-11
906546837,M005,2021-01-08
906546929,M014,2021-01-13
906548823,M006,2021-01-10
906548859,M014,2021-01-13
906549415,M010,2021-01-13
906549997,M005,2021-01-10
906550755,M008,2021-01-12
906552679,M005,2021-01-12
906552729,M011,2021-01-16
906554460,M006,2021-01-09
906555056,M002,2021-01-08
906555057,M005,2021-01-09
906555539,M010,2021-01-09
906555901,M005,2021-01-15
906556713,M007,2021-01-09
906557472,M001,2021-01-11
906558644,M003,2021-01-17
906558645,M011,2021-01-17
906565421,M007,2021-01-07
906568888,M005,2021-01-10
906568889,M005,2021-01-10
906570215,M012,2021-01-13
906570877,M001,2021-01-13
906570878,M013,2021-01-13
906573113,M001,2021-01-14
906576457,M011,2021-01-15
906577877,M013,2021-01-12
906579923,M013,2021-01-14
906581344,M010,2021-01-12
906589600,M009,2021-01-13
906590633,M001,2021-01-11
906593299,M012,2021-01-17
906593574,M010,2021-01-18
906595040,M008,2021-01-12
906597920,M001,2021-01-14
906597922,M015,2021-01-14
906598050,M010,2021-01-14
906599046,M008,2021-01-13
906599445,M005,2021-01-14
906601065,M005,2021-01-13
906601068,M005,2021-01-13
906602558,M003,2021-01-11
906603178,M003,2021-01-19
906603187,M008,2021-01-19
906604463,M008,2021-01-10
906605861,M010,2021-01-14
906605862,M006,2021-01-14
906608243,M011,2021-01-13
906610031,M003,2021-01-19
906610654,M011,2021-01-12
906610655,M006,2021-01-15
906611736,M005,2021-01-18
906613818,M010,2021-01-15
906617108,M001,2021-01-18
906617688,M014,2021-01-15
906619720,M001,2021-01-13
906625083,M001,2021-01-16
906625486,M010,2021-01-14
906625978,M003,2021-01-18
906627765,M003,2021-01-15
906630032,M014,2021-01-19
906631022,M014,2021-01-12
906631358,M009,2021-01-20
906631815,M013,2021-01-15
906631822,M003,2021-01-15
906631835,M014,2021-01-15
906635705,M001,2021-01-18
906636184,M011,2021-01-17
906637164,M003,2021-01-14
906637181,M014,2021-01-14
906637182,M003,2021-01-14
906637354,M003,2021-01-16
906639221,M002,2021-01-15
906639320,M008,2021-01-20
906644611,M001,2021-01-15
906645112,M010,2021-01-15
906645836,M006,2021-01-14
906646162,M010,2021-01-18
906649166,M004,2021-01-14
906649175,M011,2021-01-14
906650465,M004,2021-01-14
906650561,M006,2021-01-19
906651432,M002,2021-01-16
906652309,M011,2021-01-16
906652595,M005,2021-01-12
906654737,M003,2021-01-16
906654826,M005,2021-01-15
906657634,M011,2021-01-21
906657641,M004,2021-01-21
906657701,M001,2021-01-12
906659581,M010,2021-01-22
906659831,M011,2021-01-15
906660145,M005,2021-01-26
906660407,M004,2021-01-12
906661755,M014,2021-01-23
906662680,M001,2021-01-16
906663608,M002,2021-01-22
906663609,M007,2021-01-22
906664112,M010,2021-01-15
906666098,M002,2021-01-31
906666965,M003,2021-01-16
906667356,M013,2021-01-17
906667444,M012,2021-01-17
906669759,M001,2021-01-17
906671718,M008,2021-01-19
906671721,M008,2021-01-19
906672251,M003,2021-01-15
906673938,M002,2021-01-19
906673951,M009,2021-01-20
906675578,M001,2021-01-16
906677094,M003,2021-01-18
906677281,M008,2021-01-19
906679735,M011,2021-01-16
906679989,M005,2021-01-20
906681469,M003,2021-01-20
906682963,M003,2021-01-18
906683526,M003,2021-01-19
906683943,M008,2021-01-16
906683944,M003,2021-01-16
906684305,M001,2021-01-19
906684595,M008,2021-01-18
906686918,M008,2021-01-16
906688701,M002,2021-01-15
906688779,M004,2021-01-17
906693046,M007,2021-01-25
906693581,M008,2021-01-17
906693590,M006,2021-01-18
906693591,M013,2021-01-18
906697159,M009,2021-01-20
906697297,M015,2021-01-20
906697298,M010,2021-01-20
906698163,M004,2021-01-16
906698171,M006,2021-01-16
906698327,M011,2021-01-17
906698334,M008,2021-01-17
906698448,M007,2021-01-21
906698752,M010,2021-01-16
906700404,M010,2021-01-16
906704957,M010,2021-01-18
906705807,M014,2021-01-16
906705969,M008,2021-01-16
906706404,M003,2021-01-16
906706905,M005,2021-01-18
906706906,M014,2021-01-18
906707871,M003,2021-01-20
906708729,M003,2021-01-19
906709550,M011,2021-01-19
906709604,M003,2021-01-19
906713190,M008,2021-01-18
906715345,M003,2021-01-23
906715396,M003,2021-01-25
906716812,M003,2021-01-20
906719543,M005,2021-01-21
906720653,M009,2021-01-17
906720722,M013,2021-01-19
906721040,M001,2021-01-19
906721445,M015,2021-01-18
906721451,M008,2021-01-18
906724108,M006,2021-01-17
906726201,M013,2021-01-17
906727418,M005,2021-01-18
906727419,M003,2021-01-18
906727420,M008,2021-01-18
906728758,M010,2021-01-17
906728889,M007,2021-01-24
906728895,M004,2021-01-26
906730577,M009,2021-01-18
906730950,M001,2021-01-21
906730951,M005,2021-01-21
906731444,M001,2021-01-26
906731867,M003,2021-01-21
906736449,M008,2021-01-18
906738048,M001,2021-01-22
906741683,M003,2021-01-20
906742992,M012,2021-01-23
906744217,M007,2021-01-22
906744304,M007,2021-02-12
906748126,M011,2021-01-19
906748128,M003,2021-01-19
906748785,M011,2021-01-20
906749263,M015,2021-01-24
906750244,M012,2021-01-19
906756045,M008,2021-01-24
906758052,M003,2021-01-20
906758743,M009,2021-01-24
906758860,M009,2021-01-20
906759504,M008,2021-01-19
906761814,M003,2021-01-24
906762029,M006,2021-01-21
906762408,M013,2021-01-19
906763349,M004,2021-01-25
906764015,M001,2021-01-19
906765216,M006,2021-01-20
906765459,M012,2021-01-22
906765727,M003,2021-01-22
906765963,M013,2021-01-19
906766710,M010,2021-01-19
906766897,M001,2021-01-20
906768393,M013,2021-01-20
906770206,M003,2021-01-20
906771166,M013,2021-01-22
906771173,M001,2021-01-22
906772659,M004,2021-01-25
906773690,M012,2021-01-23
906773832,M005,2021-01-21
906773839,M003,2021-01-21
906774544,M005,2021-01-21
906778435,M005,2021-01-21
906778449,M011,2021-01-21
906778534,M003,2021-01-24
906778678,M003,2021-01-23
906779960,M007,2021-01-22
906780860,M004,2021-01-21
906780886,M010,2021-01-22
906781224,M003,2021-01-31
906784457,M008,2021-01-22
906784464,M011,2021-01-22
906784975,M003,2021-01-26
906785900,M008,2021-01-25
906789359,M003,2021-01-20
906789921,M013,2021-01-25
906790306,M001,2021-02-01
906790877,M002,2021-01-20
906791514,M004,2021-01-22
906792326,M003,2021-01-29
906792665,M011,2021-01-21
906793045,M013,2021-01-26
906793246,M007,2021-01-24
906793715,M012,2021-01-20
906794025,M003,2021-01-21
906795026,M001,2021-01-26
906796877,M011,2021-01-21
906800930,M003,2021-01-22
906803841,M014,2021-01-30
906808782,M006,2021-01-22
906811049,M008,2021-01-24
906811078,M001,2021-01-25
906812930,M004,2021-01-22
906815454,M014,2021-01-21
906816023,M001,2021-01-25
906816259,M006,2021-01-26
906816789,M003,2021-01-23
906816945,M012,2021-01-25
906818269,M005,2021-01-26
906818274,M009,2021-01-26
906819303,M010,2021-01-23
906819415,M010,2021-01-23
906820706,M006,2021-01-21
906822446,M003,2021-01-27
906822536,M004,2021-01-23
906822782,M006,2021-01-24
906823877,M003,2021-01-23
906828971,M013,2021-01-22
906835869,M008,2021-01-24
906836671,M012,2021-01-23
906836672,M001,2021-01-23
906837841,M003,2021-01-25
906839488,M012,2021-01-23
906839918,M010,2021-01-23
906842563,M008,2021-01-27
906844194,M003,2021-01-27
906844336,M005,2021-01-26
906844599,M005,2021-01-26
906847308,M008,2021-01-25
906847317,M009,2021-01-25
906847320,M013,2021-01-25
906848155,M004,2021-01-23
906848164,M007,2021-01-23
906849317,M006,2021-01-27
906852466,M003,2021-01-28
906854260,M011,2021-01-30
906854731,M003,2021-01-28
906855021,M008,2021-01-25
906856643,M011,2021-01-25
906857109,M005,2021-01-26
906857345,M010,2021-01-25
906857353,M002,2021-01-25
906858691,M003,2021-01-24
906859415,M003,2021-01-23
906860618,M001,2021-01-24
906862185,M003,2021-01-27
906868383,M007,2021-01-29
906868552,M015,2021-01-24
906870213,M005,2021-01-24
906870221,M001,2021-01-24
906870447,M003,2021-01-26
906870662,M008,2021-01-24
906870769,M012,2021-01-28
906872752,M005,2021-01-24
906873577,M014,2021-01-28
906874079,M008,2021-02-08
906874528,M008,2021-01-29
906874861,M001,2021-01-24
906875968,M014,2021-01-26
906876131,M011,2021-01-29
906876398,M008,2021-01-26
906876528,M008,2021-01-27
906876545,M003,2021-01-29
906876769,M009,2021-01-30
906877369,M013,2021-01-29
906879249,M004,2021-01-25
906879250,M015,2021-01-28
906879256,M002,2021-01-28
906880037,M005,2021-01-28
906880145,M001,2021-01-25
906883099,M001,2021-02-02
906883627,M007,2021-01-27
906884259,M013,2021-01-28
906884773,M003,2021-01-25
906886960,M003,2021-01-28
906888275,M003,2021-01-26
906889254,M003,2021-01-25
906889472,M003,2021-01-27
906889480,M012,2021-01-27
906891445,M007,2021-02-04
906892063,M008,2021-02-02
906892431,M002,2021-01-27
906892714,M001,2021-01-25
906893392,M001,2021-01-29
906893393,M009,2021-01-29
906894470,M002,2021-01-31
906894473,M005,2021-01-29
906895539,M008,2021-01-28
906896249,M012,2021-01-29
906897425,M005,2021-01-27
906897426,M005,2021-01-27
906898817,M005,2021-01-29
906898832,M015,2021-01-31
906902615,M013,2021-01-26
906904136,M012,2021-01-26
906904235,M003,2021-01-30
906904241,M003,2021-01-31
906904423,M009,2021-01-27
906905909,M010,2021-01-26
906905917,M005,2021-01-26
906906782,M004,2021-01-31
906907108,M003,2021-01-27
906910149,M005,2021-01-30
906910706,M008,2021-01-26
906910758,M001,2021-01-28
906910764,M008,2021-01-28
906911082,M001,2021-01-31
906912501,M013,2021-01-26
906913017,M014,2021-01-28
906913308,M002,2021-01-29
906913317,M014,2021-01-29
906913523,M005,2021-02-05
906913783,M008,2021-01-29
906914235,M003,2021-01-28
906914360,M002,2021-01-28
906915187,M006,2021-01-30
906915584,M002,2021-01-28
906918282,M002,2021-01-28
906920327,M009,2021-01-27
906920328,M012,2021-01-27
906923957,M003,2021-01-28
906924295,M011,2021-01-29
906925689,M015,2021-01-29
906926808,M010,2021-01-30
906928111,M006,2021-01-27
906928330,M001,2021-01-31
906930833,M001,2021-01-29
906930903,M003,2021-02-01
906932168,M008,2021-01-27
906932775,M005,2021-01-27
906934885,M003,2021-01-29
906937530,M008,2021-02-02
906937545,M006,2021-02-04
906937546,M013,2021-02-02
906938361,M003,2021-01-29
906939313,M008,2021-01-31
906939537,M011,2021-01-28
906941080,M003,2021-02-01
906941089,M010,2021-02-01
906943839,M001,2021-02-01
906944331,M011,2021-01-29
906944381,M008,2021-01-29
906948290,M004,2021-02-01
906949757,M006,2021-01-31
906950631,M003,2021-01-28
906952680,M014,2021-02-07
906954578,M003,2021-01-25
906955588,M008,2021-01-31
906955597,M007,2021-01-31
906955645,M003,2021-02-04
906955653,M009,2021-02-04
906955816,M005,2021-01-30
906956265,M005,2021-02-06
906957746,M006,2021-02-01
906958034,M001,2021-02-02
906959403,M005,2021-01-30
906960723,M013,2021-01-29
906963708,M010,2021-01-30
906963715,M003,2021-01-30
906963718,M007,2021-01-30
906963858,M012,2021-02-02
906963866,M001,2021-02-02
906967024,M003,2021-01-30
906967537,M004,2021-02-01
906967546,M003,2021-02-01
906968829,M008,2021-02-02
906970005,M012,2021-02-02
906973580,M011,2021-01-29
906975507,M012,2021-01-29
906975533,M003,2021-01-30
906975773,M011,2021-02-08
906977940,M015,2021-01-30
906979018,M009,2021-01-31
906979107,M003,2021-02-02
906980003,M001,2021-01-30
906980004,M013,2021-01-30
906980010,M003,2021-01-30
906980238,M004,2021-02-01
906980545,M008,2021-02-01
906981974,M012,2021-01-30
906982393,M002,2021-02-03
906984050,M003,2021-02-02
906984188,M002,2021-02-02
906984475,M001,2021-02-03
906984615,M005,2021-01-30
906984733,M012,2021-02-01
906985018,M011,2021-01-31
906986291,M002,2021-02-03
906986317,M012,2021-01-31
906986430,M006,2021-02-06
906989132,M014,2021-02-03
906989496,M005,2021-02-02
906989711,M014,2021-02-01
906990380,M014,2021-01-31
906991558,M013,2021-01-30
906991577,M006,2021-01-31
906995461,M003,2021-01-29
906995656,M006,2021-02-02
906997830,M007,2021-02-03
906998150,M004,2021-02-07
906998438,M003,2021-01-30
906998838,M011,2021-02-05
907000253,M003,2021-01-30
907000496,M001,2021-02-02
907000814,M008,2021-02-02
907000822,M015,2021-02-02
907002974,M006,2021-01-31
907002975,M004,2021-01-31
907003009,M009,2021-02-01
907004786,M008,2021-01-31
907004988,M001,2021-02-06
907005164,M011,2021-02-03
907005276,M012,2021-02-06
907007750,M012,2021-02-06
907009243,M001,2021-02-06
907012733,M003,2021-02-01
907012857,M010,2021-01-31
907012858,M006,2021-01-29
907013795,M012,2021-02-01
907013919,M003,2021-01-31
907016560,M014,2021-02-01
907018642,M005,2021-02-02
907019733,M008,2021-02-04
907019780,M003,2021-02-02
907020353,M005,2021-01-31
907020362,M005,2021-01-31
907023101,M006,2021-02-02
907023102,M008,2021-02-02
907023335,M003,2021-02-04
907023749,M005,2021-02-05
907024327,M004,2021-02-03
907024725,M008,2021-02-02
907028474,M006,2021-01-30
907029377,M003,2021-02-01
907029721,M003,2021-02-03
907030975,M006,2021-02-04
907031570,M006,2021-02-05
907031578,M005,2021-02-05
907031595,M008,2021-02-05
907033262,M008,2021-02-01
907034032,M006,2021-02-02
907035769,M005,2021-01-31
907037002,M008,2021-02-01
907037836,M004,2021-02-03
907038196,M003,2021-02-07
907039618,M005,2021-02-03
907039860,M003,2021-02-01
907039880,M007,2021-02-02
907040503,M003,2021-02-02
907041938,M002,2021-02-10
907041947,M007,2021-02-10
907043018,M008,2021-02-02
907043967,M005,2021-02-03
907044926,M001,2021-02-11
907051245,M012,2021-02-05
907052615,M005,2021-02-02
907054177,M003,2021-02-07
907054186,M003,2021-02-07
907055007,M003,2021-02-02
907056043,M001,2021-02-11
907057067,M010,2021-02-05
907057665,M001,2021-02-28
907058658,M010,2021-02-03
907059296,M005,2021-02-06
907059418,M004,2021-02-04
907059424,M003,2021-02-04
907061274,M001,2021-02-07
907063789,M008,2021-02-05
907064074,M007,2021-02-07
907064368,M008,2021-02-02
907064471,M013,2021-02-03
907064479,M014,2021-02-03
907065992,M010,2021-02-03
907066182,M003,2021-02-04
907066619,M005,2021-02-04
907070528,M003,2021-02-05
907070540,M012,2021-02-05
907071237,M008,2021-02-02
907072290,M013,2021-02-06
907072980,M005,2021-02-05
907073170,M007,2021-02-03
907075496,M002,2021-02-05
907075598,M003,2021-02-05
907076274,M009,2021-02-09
907077283,M008,2021-02-04
907077756,M003,2021-02-05
907079607,M006,2021-02-03
907079614,M005,2021-02-03
907081221,M010,2021-02-07
907082153,M003,2021-02-03
907082163,M003,2021-02-03
907082164,M003,2021-02-03
907082193,M011,2021-02-03
907082338,M013,2021-02-13
907083581,M006,2021-02-06
907083876,M007,2021-02-02
907085162,M010,2021-02-04
907085658,M010,2021-02-04
907086340,M003,2021-02-10
907087526,M008,2021-02-06
907088386,M007,2021-02-08
907088597,M014,2021-02-07
907089622,M003,2021-02-08
907091078,M013,2021-02-06
907092498,M003,2021-02-08
907093267,M007,2021-02-04
907093612,M003,2021-02-09
907094948,M009,2021-02-07
907095456,M008,2021-02-07
907096574,M012,2021-02-05
907096663,M011,2021-02-08
907097708,M005,2021-02-08
907098946,M001,2021-02-15
907099541,M009,2021-02-10
907102068,M001,2021-02-09
907104650,M006,2021-02-07
907105534,M002,2021-02-07
907105570,M003,2021-02-04
907105707,M011,2021-02-04
907105709,M001,2021-02-02
907105892,M001,2021-02-07
907106004,M011,2021-02-02
907106203,M003,2021-02-05
907106211,M003,2021-02-05
907106221,M001,2021-02-05
907106383,M007,2021-02-08
907106389,M007,2021-02-08
907106679,M005,2021-02-05
907106712,M009,2021-02-07
907107147,M001,2021-02-06
907107203,M003,2021-02-04
907108760,M001,2021-02-06
907110276,M009,2021-02-12
907111047,M014,2021-02-08
907114362,M015,2021-02-07
907116411,M013,2021-02-10
907117203,M003,2021-02-10
907118552,M012,2021-02-09
907120113,M008,2021-02-05
907120843,M008,2021-02-07
907121292,M006,2021-02-13
907121573,M001,2021-02-09
907129780,M003,2021-02-09
907129788,M005,2021-02-09
907132545,M011,2021-02-10
907134405,M003,2021-02-08
907135332,M003,2021-02-10
907135424,M010,2021-02-09
907136303,M003,2021-02-06
907138459,M002,2021-02-09
907138460,M007,2021-02-09
907139625,M008,2021-02-06
907141106,M012,2021-02-06
907141182,M003,2021-02-07
907142923,M014,2021-02-08
907143094,M002,2021-02-13
907143362,M012,2021-02-06
907143369,M001,2021-02-06
907143727,M008,2021-02-09
907143967,M001,2021-02-06
907146022,M003,2021-02-07
907146031,M009,2021-02-07
907146948,M002,2021-02-14
907147025,M014,2021-02-09
907148827,M014,2021-02-08
907150345,M009,2021-02-09
907150346,M007,2021-02-09
907151010,M002,2021-02-07
907151568,M003,2021-02-12
907152320,M011,2021-02-13
907153983,M007,2021-02-11
907155434,M003,2021-02-08
907155453,M003,2021-02-09
907155833,M003,2021-02-07
907155849,M004,2021-02-07
907156898,M003,2021-02-09
907157133,M014,2021-02-15
907158237,M005,2021-02-08
907158471,M008,2021-02-10
907161282,M006,2021-02-07
907161283,M013,2021-02-07
907162627,M003,2021-02-11
907162705,M005,2021-02-07
907163380,M004,2021-02-11
907163541,M003,2021-02-09
907164026,M012,2021-02-15
907164034,M008,2021-02-15
907165018,M005,2021-02-07
907165225,M005,2021-02-11
907165938,M003,2021-02-11
907165979,M006,2021-02-15
907165987,M006,2021-02-15
907166010,M003,2021-02-07
907166345,M003,2021-02-11
907167340,M003,2021-02-11
907168442,M010,2021-02-10
907168697,M001,2021-02-14
907168719,M003,2021-02-08
907169049,M010,2021-02-08
907169722,M007,2021-02-16
907175276,M003,2021-02-10
907178726,M006,2021-02-11
907178912,M002,2021-02-08
907181342,M008,2021-02-08
907182364,M005,2021-02-08
907183321,M008,2021-02-10
907183347,M008,2021-02-10
907183590,M008,2021-02-09
907184902,M007,2021-02-08
907185454,M003,2021-02-12
907185517,M005,2021-02-07
907185862,M008,2021-02-12
907185868,M008,2021-02-12
907186607,M003,2021-02-10
907190575,M013,2021-02-11
907190594,M001,2021-02-11
907190981,M005,2021-02-13
907192729,M001,2021-02-10
907192738,M003,2021-02-10
907193292,M003,2021-02-12
907194050,M008,2021-02-15
907194095,M012,2021-02-10
907195997,M013,2021-02-15
907195998,M001,2021-02-15
907196156,M004,2021-02-09
907196165,M012,2021-02-09
907196767,M004,2021-02-09
907196835,M003,2021-02-10
907197190,M009,2021-02-13
907197804,M008,2021-02-07
907198188,M014,2021-02-11
907198189,M013,2021-02-11
907199836,M011,2021-02-10
907199905,M001,2021-02-09
907200908,M006,2021-02-16
907200916,M010,2021-02-16
907201073,M001,2021-02-15
907203202,M014,2021-02-09
907203296,M013,2021-02-12
907203602,M001,2021-02-12
907203610,M009,2021-02-12
907203653,M010,2021-02-07
907204347,M007,2021-02-13
907204374,M002,2021-02-14
907204600,M008,2021-02-10
907205285,M015,2021-02-11
907205547,M010,2021-02-11
907206125,M009,2021-02-11
907206226,M007,2021-02-10
907206674,M013,2021-02-10
907207638,M012,2021-02-15
907207647,M014,2021-02-15
907208100,M014,2021-02-14
907208101,M003,2021-02-14
907209045,M012,2021-02-12
907210942,M014,2021-02-11
907211984,M003,2021-02-14
907213513,M001,2021-02-13
907217813,M003,2021-02-12
907223941,M005,2021-02-12
907224944,M003,2021-02-17
907225074,M011,2021-02-12
907227037,M001,2021-02-13
907227715,M012,2021-02-16
907227723,M003,2021-02-16
907229049,M012,2021-02-16
907230573,M008,2021-02-14
907230574,M003,2021-02-14
907231247,M007,2021-02-11
907231248,M002,2021-02-13
907231915,M012,2021-02-12
907233525,M007,2021-02-11
907233534,M005,2021-02-11
907235406,M001,2021-02-12
907235935,M002,2021-01-31
907238084,M005,2021-02-14
907238215,M004,2021-02-12
907240950,M014,2021-02-18
907240958,M007,2021-02-18
907241068,M013,2021-02-15
907242887,M013,2021-02-13
907242894,M002,2021-02-13
907243653,M005,2021-02-12
907245523,M003,2021-02-16
907246199,M012,2021-02-12
907247313,M005,2021-02-11
907248971,M003,2021-02-13
907248978,M005,2021-02-13
907249030,M013,2021-02-15
907249041,M004,2021-02-16
907249355,M003,2021-02-13
907251462,M013,2021-02-15
907252215,M012,2021-02-16
907252427,M009,2021-02-12
907252444,M003,2021-02-16
907255274,M001,2021-02-12
907255295,M014,2021-02-14
907255911,M008,2021-02-11
907256945,M008,2021-02-13
907257667,M010,2021-02-11
907257676,M001,2021-02-11
907257855,M004,2021-02-11
907258881,M003,2021-02-12
907260291,M001,2021-02-15
907261150,M010,2021-02-14
907264617,M013,2021-02-15
907264879,M003,2021-02-12
907264888,M002,2021-02-12
907267766,M014,2021-02-13
907270987,M004,2021-02-16
907271193,M014,2021-02-14
907273421,M012,2021-02-15
907274981,M007,2021-02-13
907275767,M012,2021-02-19
907277964,M001,2021-02-15
907278331,M003,2021-02-15
907282263,M005,2021-02-13
907282824,M008,2021-02-19
907283260,M011,2021-02-16
907285875,M005,2021-02-14
907286754,M012,2021-02-13
907287465,M008,2021-02-18
907288144,M011,2021-02-16
907288145,M001,2021-02-16
907289244,M012,2021-02-16
907290199,M003,2021-02-18
907291274,M008,2021-02-13
907291281,M003,2021-02-13
907291374,M014,2021-02-16
907291412,M007,2021-02-13
907291928,M015,2021-02-16
907291933,M012,2021-02-16
907291997,M004,2021-02-18
907292650,M008,2021-02-16
907294767,M005,2021-02-15
907295237,M008,2021-02-17
907295238,M003,2021-02-17
907297178,M005,2021-02-15
907301771,M012,2021-02-14
907303309,M006,2021-02-15
907303861,M001,2021-02-12
907304011,M011,2021-02-14
907304020,M001,2021-02-14
907305394,M003,2021-02-15
907305400,M003,2021-02-16
907305455,M007,2021-02-17
907305674,M014,2021-02-14
907309863,M010,2021-02-15
907310606,M004,2021-02-12
907311678,M015,2021-02-16
907313870,M010,2021-02-17
907315411,M001,2021-02-14
907315412,M001,2021-02-14
907315981,M007,2021-02-19
907316440,M004,2021-02-21
907316585,M008,2021-02-17
907316862,M003,2021-02-17
907318305,M010,2021-02-17
907319905,M013,2021-02-14
907320051,M014,2021-02-12
907320985,M006,2021-02-16
907320986,M005,2021-02-16
907321512,M011,2021-02-18
907326641,M004,2021-02-22
907329160,M002,2021-02-20
907330118,M003,2021-02-16
907331847,M002,2021-02-19
907336240,M002,2021-02-21
907337293,M013,2021-02-17
907337591,M011,2021-02-19
907338272,M011,2021-02-17
907339985,M003,2021-02-22
907340367,M004,2021-02-20
907344680,M001,2021-02-16
907344737,M012,2021-02-18
907344784,M003,2021-02-20
907344787,M001,2021-02-19
907345176,M007,2021-02-20
907347500,M008,2021-02-20
907348190,M003,2021-02-18
907348930,M003,2021-02-22
907349996,M005,2021-02-18
907350970,M008,2021-02-16
907350977,M003,2021-02-16
907352013,M003,2021-02-18
907352381,M006,2021-02-18
907352410,M011,2021-02-19
907352693,M003,2021-02-19
907352699,M006,2021-02-19
907353010,M006,2021-02-21
907353137,M003,2021-02-18
907353545,M003,2021-02-19
907354424,M003,2021-02-18
907354618,M004,2021-02-17
907355954,M014,2021-02-18
907356055,M003,2021-02-16
907356843,M012,2021-02-20
907356867,M001,2021-02-22
907358226,M011,2021-02-19
907358772,M003,2021-02-17
907360225,M001,2021-02-21
907360232,M003,2021-02-21
907360251,M003,2021-02-16
907360517,M010,2021-02-24
907361215,M010,2021-02-18
907363216,M006,2021-02-22
907372393,M010,2021-02-19
907372400,M009,2021-02-19
907372600,M006,2021-02-18
907374016,M003,2021-02-19
907377079,M002,2021-02-17
907378046,M008,2021-02-19
907378538,M013,2021-02-23
907378567,M001,2021-02-17
907378943,M014,2021-02-19
907378950,M012,2021-02-19
907379623,M004,2021-02-17
907381441,M009,2021-02-18
907381449,M002,2021-02-18
907381513,M001,2021-02-22
907381521,M005,2021-02-22
907381833,M003,2021-02-20
907382879,M013,2021-02-17
907383389,M010,2021-02-19
907384243,M004,2021-02-23
907386003,M004,2021-02-21
907386004,M013,2021-02-22
907386064,M003,2021-02-17
907386073,M003,2021-02-17
907388680,M010,2021-02-20
907388688,M010,2021-02-20
907388726,M006,2021-02-21
907390863,M001,2021-02-17
907390957,M005,2021-02-19
907392313,M009,2021-02-22
907392722,M001,2021-02-21
907392730,M007,2021-02-21
907392734,M006,2021-02-19
907393068,M001,2021-02-22
907394484,M005,2021-02-20
907395434,M002,2021-02-21
907396602,M014,2021-02-21
907396993,M005,2021-02-26
907397271,M001,2021-02-22
907397305,M003,2021-02-17
907397780,M012,2021-02-18
907399757,M010,2021-02-21
907400159,M003,2021-02-17
907401266,M002,2021-02-19
907403279,M014,2021-02-23
907405457,M004,2021-02-25
907405499,M003,2021-02-27
907406982,M008,2021-02-19
907406990,M007,2021-02-22
907407695,M010,2021-02-19
907411771,M012,2021-02-20
907412901,M003,2021-02-18
907415252,M003,2021-02-20
907415678,M003,2021-02-20
907416828,M003,2021-02-19
907418800,M006,2021-02-21
907420570,M008,2021-02-19
907421170,M013,2021-02-20
907421529,M012,2021-02-20
907421530,M007,2021-02-19
907424445,M008,2021-02-27
907425486,M013,2021-02-22
907425977,M001,2021-02-19
907426170,M003,2021-02-19
907427964,M006,2021-02-21
907428970,M014,2021-02-20
907431391,M009,2021-02-22
907431399,M004,2021-02-22
907432023,M001,2021-02-21
907433379,M009,2021-02-19
907434122,M012,2021-02-22
907434844,M006,2021-02-20
907434845,M007,2021-02-20
907434854,M003,2021-02-20
907434866,M003,2021-02-20
907435471,M007,2021-02-21
907439014,M008,2021-02-20
907439035,M004,2021-02-22
907439924,M013,2021-02-21
907440386,M007,2021-02-20
907440779,M010,2021-02-24
907440784,M007,2021-02-24
907441333,M008,2021-02-21
907442803,M006,2021-02-20
907448269,M011,2021-02-22
907449911,M001,2021-02-22
907450357,M008,2021-02-24
907450773,M003,2021-02-22
907450804,M015,2021-02-23
907451014,M003,2021-02-20
907452008,M001,2021-02-22
907453297,M006,2021-02-21
907453353,M005,2021-02-23
907457365,M007,2021-02-23
907458030,M006,2021-02-23
907458038,M006,2021-02-23
907458168,M010,2021-02-23
907459203,M003,2021-02-24
907460566,M010,2021-02-23
907460945,M011,2021-02-21
907461289,M011,2021-02-26
907463101,M005,2021-02-23
907463511,M003,2021-02-22
907463732,M003,2021-02-28
907463813,M003,2021-02-21
907468379,M002,2021-02-25
907470882,M001,2021-02-23
907470889,M008,2021-02-23
907470970,M007,2021-02-21
907471823,M003,2021-02-26
907472847,M011,2021-02-28
907473265,M004,2021-02-23
907473390,M001,2021-02-22
907473391,M006,2021-02-23
907473392,M003,2021-02-23
907473400,M007,2021-02-23
907474780,M009,2021-02-25
907475132,M005,2021-02-27
907475139,M003,2021-02-28
907475502,M005,2021-02-22
907476880,M001,2021-02-25
907476888,M012,2021-02-25
907478223,M013,2021-02-23
907479139,M013,2021-02-24
907479326,M015,2021-02-28
907480012,M004,2021-02-23
907480207,M013,2021-02-24
907480282,M010,2021-02-22
907480529,M009,2021-02-28
907481287,M003,2021-02-24
907481295,M008,2021-02-24
907484821,M003,2021-02-24
907484830,M014,2021-02-24
907486452,M002,2021-02-25
907486473,M006,2021-02-26
907486474,M008,2021-02-26
907487337,M003,2021-02-23
907487338,M002,2021-02-23
907492289,M003,2021-02-23
907492697,M015,2021-02-23
907494249,M013,2021-02-23
907494663,M012,2021-02-22
907496097,M012,2021-02-24
907496396,M007,2021-02-27
907497308,M014,2021-02-24
907498877,M013,2021-02-26
907501094,M007,2021-02-25
907501560,M003,2021-02-23
907502939,M013,2021-02-24
907504463,M014,2021-02-24
907507726,M001,2021-02-24
907508077,M002,2021-02-28
907508551,M014,2021-02-23
907512968,M007,2021-02-24
907515260,M001,2021-02-24
907515788,M009,2021-02-27
907516290,M015,2021-02-24
907516295,M013,2021-02-24
907516550,M001,2021-02-25
907517117,M008,2021-02-25
907517869,M008,2021-02-27
907519483,M008,2021-02-24
907520043,M005,2021-02-23
907520695,M002,2021-02-24
907521969,M001,2021-02-23
907529477,M001,2021-02-24
907529707,M003,2021-02-27
907532093,M007,2021-02-25
907532990,M002,2021-02-27
907533758,M003,2021-02-25
907538429,M001,2021-02-26
907539118,M006,2021-02-23
907539190,M008,2021-02-27
907540198,M008,2021-02-25
907540840,M014,2021-02-26
907541648,M009,2021-02-24
907543258,M003,2021-02-24
907543343,M012,2021-02-25
907545182,M007,2021-02-27
907548043,M002,2021-02-28
907548073,M008,2021-02-24
907548968,M002,2021-02-24
907549774,M006,2021-02-26
907550063,M004,2021-02-26
907550227,M011,2021-02-24
907550464,M006,2021-02-28
907550610,M003,2021-02-24
907552887,M009,2021-02-26
907552894,M009,2021-02-26
907552910,M002,2021-02-26
907552912,M003,2021-02-26
907559920,M010,2021-02-24
907560641,M013,2021-02-27
907561506,M009,2021-02-28
907561605,M001,2021-02-25
907561614,M006,2021-02-25
907563473,M004,2021-02-27
907563555,M009,2021-02-25
907563556,M004,2021-02-25
907565031,M007,2021-02-25
907565207,M010,2021-02-28
907570293,M014,2021-02-25
907581385,M005,2021-02-24
907581571,M008,2021-02-28
907586008,M003,2021-02-25
907586022,M012,2021-02-25
907587100,M012,2021-02-27
907587104,M014,2021-02-27
907587115,M003,2021-02-27
907588413,M005,2021-02-25
907589941,M001,2021-02-26
907592245,M003,2021-02-27
907592441,M012,2021-02-28
907592442,M003,2021-02-28
907593709,M005,2021-02-28
907594561,M005,2021-02-26
907594569,M003,2021-02-26
907595326,M012,2021-02-26
907597584,M002,2021-02-27
907599230,M009,2021-02-27
907600964,M003,2021-02-28
907601607,M004,2021-02-26
907601616,M010,2021-02-24
907602975,M003,2021-02-26
907604964,M013,2021-02-27
907605586,M002,2021-02-28
907607753,M011,2021-02-26
907609810,M004,2021-02-28
907609817,M014,2021-02-28
907619963,M013,2021-02-28
907620702,M013,2021-02-27
907625390,M012,2021-02-28
907631152,M003,2021-02-27
907638989,M008,2021-02-28
907646461,M001,2021-02-28
907730984,M014,2021-02-28
